-- phpMyAdmin SQL Dump
-- version 5.2.1
-- https://www.phpmyadmin.net/
--
-- Host: 127.0.0.1
-- Generation Time: Oct 06, 2025 at 09:21 AM
-- Server version: 10.4.32-MariaDB
-- PHP Version: 8.2.12

SET SQL_MODE = "NO_AUTO_VALUE_ON_ZERO";
START TRANSACTION;
SET time_zone = "+00:00";


/*!40101 SET @OLD_CHARACTER_SET_CLIENT=@@CHARACTER_SET_CLIENT */;
/*!40101 SET @OLD_CHARACTER_SET_RESULTS=@@CHARACTER_SET_RESULTS */;
/*!40101 SET @OLD_COLLATION_CONNECTION=@@COLLATION_CONNECTION */;
/*!40101 SET NAMES utf8mb4 */;

--
-- Database: `beemonitoring`
--

-- --------------------------------------------------------

--
-- Table structure for table `admins`
--

CREATE TABLE `admins` (
  `admin_id` int(10) UNSIGNED NOT NULL,
  `firstname` varchar(50) NOT NULL,
  `lastname` varchar(50) NOT NULL,
  `username` varchar(50) NOT NULL,
  `email` varchar(100) NOT NULL,
  `password_hash` varchar(255) NOT NULL,
  `status` enum('active','disabled','pending') DEFAULT 'active',
  `created_at` timestamp NOT NULL DEFAULT current_timestamp(),
  `reset_token` varchar(64) DEFAULT NULL,
  `reset_expires` datetime DEFAULT NULL
) ENGINE=InnoDB DEFAULT CHARSET=utf8mb4 COLLATE=utf8mb4_general_ci;

--
-- Dumping data for table `admins`
--

INSERT INTO `admins` (`admin_id`, `firstname`, `lastname`, `username`, `email`, `password_hash`, `status`, `created_at`, `reset_token`, `reset_expires`) VALUES
(1, 'Super', 'Admin', 'Charlin', 'charlinive@gmail.com', '$2y$10$EKnlvSH2mXFs4IRljxO8C.CfX0jm2oAMus6PIRC7xcYza/E4WqfVu', 'active', '2025-09-24 06:05:37', NULL, NULL);

-- --------------------------------------------------------

--
-- Table structure for table `beehive_readings`
--

CREATE TABLE `beehive_readings` (
  `reading_id` int(11) NOT NULL,
  `timestamp` datetime DEFAULT current_timestamp(),
  `temperature` int(11) DEFAULT NULL,
  `humidity` int(11) DEFAULT NULL,
  `weight` decimal(6,2) DEFAULT NULL,
  `fan_status` tinyint(1) DEFAULT NULL,
  `status` varchar(50) DEFAULT NULL
) ENGINE=InnoDB DEFAULT CHARSET=utf8mb4 COLLATE=utf8mb4_general_ci;

--
-- Dumping data for table `beehive_readings`
--

INSERT INTO `beehive_readings` (`reading_id`, `timestamp`, `temperature`, `humidity`, `weight`, `fan_status`, `status`) VALUES
(1, '2025-09-13 19:05:41', 32, 70, 6.00, 1, NULL),
(2, '2025-09-13 19:17:41', 36, 99, 5.00, 0, NULL),
(3, '2025-09-13 19:38:39', 34, 64, 9.00, 1, NULL),
(4, '2025-09-13 19:45:01', 39, 71, 3.00, 0, NULL),
(5, '2025-09-13 19:50:02', 34, 73, 7.00, 0, NULL),
(6, '2025-09-13 19:55:01', 34, 85, 14.00, 0, NULL),
(7, '2025-09-13 20:00:02', 36, 70, 19.00, 0, NULL),
(8, '2025-09-27 10:41:29', 30, 72, 12.50, 1, 'Good'),
(9, '2025-09-27 11:23:08', 31, 88, 2.00, 0, 'Bad'),
(10, '2025-09-27 11:40:01', 36, 76, 11.00, 0, 'Bad'),
(11, '2025-09-27 11:45:01', 38, 61, 20.00, 1, 'Bad'),
(12, '2025-09-27 11:50:01', 32, 68, 7.00, 0, 'Good'),
(13, '2025-09-27 11:55:01', 35, 75, 1.00, 1, 'Bad'),
(14, '2025-09-27 12:00:01', 30, 66, 10.00, 1, 'Good'),
(15, '2025-09-27 18:15:02', 40, 73, 20.00, 0, 'Bad'),
(16, '2025-09-27 18:19:48', 31, 80, 20.00, 0, 'Good'),
(17, '2025-09-27 18:20:02', 33, 77, 16.00, 1, 'Bad'),
(18, '2025-09-27 18:25:02', 36, 64, 19.00, 0, 'Bad'),
(19, '2025-09-27 18:30:02', 37, 64, 9.00, 0, 'Bad'),
(20, '2025-09-27 18:35:02', 32, 72, 19.00, 0, 'Good'),
(21, '2025-09-27 18:38:33', 35, 86, 2.00, 0, 'Bad'),
(22, '2025-09-27 18:40:02', 30, 88, 1.00, 0, 'Bad'),
(23, '2025-09-27 18:40:49', 38, 79, 10.00, 0, 'Bad'),
(24, '2025-09-27 18:43:08', 39, 87, 9.00, 1, 'Bad'),
(25, '2025-09-27 18:43:27', 36, 63, 17.00, 0, 'Bad'),
(26, '2025-09-27 18:45:02', 37, 90, 2.00, 1, 'Bad'),
(27, '2025-09-27 18:50:02', 32, 72, 6.00, 1, 'Good'),
(28, '2025-09-27 18:54:04', 34, 79, 10.00, 0, 'Bad'),
(29, '2025-09-27 18:54:37', 37, 72, 8.00, 0, 'Bad'),
(30, '2025-09-27 18:55:02', 38, 69, 17.00, 1, 'Bad'),
(31, '2025-09-27 19:00:02', 32, 61, 19.00, 0, 'Bad'),
(32, '2025-09-27 19:02:01', 33, 88, 9.00, 1, 'Bad'),
(33, '2025-09-27 19:02:22', 35, 84, 17.00, 0, 'Bad'),
(34, '2025-09-27 19:04:31', 37, 71, 20.00, 0, 'Bad'),
(35, '2025-09-27 19:04:44', 31, 74, 4.00, 1, 'Good'),
(36, '2025-09-27 19:05:02', 31, 77, 17.00, 0, 'Good'),
(37, '2025-09-27 19:05:20', 36, 85, 7.00, 1, 'Bad'),
(38, '2025-09-27 19:09:58', 34, 88, 4.00, 1, 'Bad'),
(39, '2025-09-27 19:10:02', 31, 60, 11.00, 0, 'Bad'),
(40, '2025-09-27 19:10:13', 38, 76, 15.00, 0, 'Bad'),
(41, '2025-09-27 19:15:02', 39, 75, 7.00, 1, 'Bad'),
(42, '2025-09-27 19:17:47', 34, 90, 6.00, 1, 'Bad'),
(43, '2025-09-27 19:18:13', 38, 87, 7.00, 1, 'Bad'),
(44, '2025-09-27 19:18:31', 35, 81, 4.00, 1, 'Bad'),
(45, '2025-09-27 19:20:02', 40, 65, 10.00, 1, 'Bad'),
(46, '2025-09-27 19:23:01', 37, 84, 15.00, 1, 'Bad'),
(47, '2025-09-27 19:25:02', 31, 68, 16.00, 1, 'Good'),
(48, '2025-09-27 19:25:56', 39, 72, 3.00, 0, 'Bad'),
(49, '2025-09-27 19:27:06', 34, 76, 14.00, 1, 'Bad'),
(50, '2025-09-27 19:27:12', 36, 90, 6.00, 1, 'Bad'),
(51, '2025-09-27 19:27:23', 30, 60, 10.00, 0, 'Bad'),
(52, '2025-09-27 19:27:47', 39, 60, 3.00, 1, 'Bad'),
(53, '2025-09-27 19:28:06', 39, 63, 15.00, 0, 'Bad'),
(54, '2025-09-27 19:29:08', 35, 62, 12.00, 1, 'Bad'),
(55, '2025-09-27 19:29:29', 39, 83, 8.00, 1, 'Bad'),
(56, '2025-09-27 19:30:02', 39, 76, 1.00, 1, 'Bad'),
(57, '2025-09-27 19:34:23', 38, 89, 5.00, 0, 'Bad'),
(58, '2025-09-27 19:35:02', 34, 72, 13.00, 0, 'Bad'),
(59, '2025-09-27 19:36:05', 38, 65, 7.00, 1, 'Bad'),
(60, '2025-09-27 19:40:02', 39, 74, 11.00, 1, 'Bad'),
(61, '2025-09-27 19:41:49', 35, 62, 10.00, 1, 'Bad'),
(62, '2025-09-27 19:42:04', 38, 72, 3.00, 1, 'Bad'),
(63, '2025-09-27 19:44:02', 40, 72, 15.00, 0, 'Bad'),
(64, '2025-09-27 19:45:02', 34, 84, 6.00, 0, 'Bad'),
(65, '2025-09-27 19:50:02', 38, 84, 8.00, 1, 'Bad'),
(66, '2025-09-27 20:16:58', 33, 69, 12.00, 0, 'Bad'),
(67, '2025-09-27 20:20:02', 36, 62, 10.00, 1, 'Bad'),
(68, '2025-09-28 23:02:27', 37, 70, 11.00, 1, 'Bad'),
(69, '2025-09-28 23:02:38', 33, 63, 9.00, 0, 'Bad'),
(70, '2025-09-28 23:02:59', 30, 81, 9.00, 1, 'Good'),
(71, '2025-09-28 23:03:09', 36, 78, 13.00, 1, 'Bad'),
(72, '2025-09-28 23:04:55', 40, 66, 5.00, 0, 'Bad'),
(73, '2025-09-28 23:05:02', 30, 64, 5.00, 1, 'Bad'),
(74, '2025-09-28 23:05:34', 33, 80, 5.00, 0, 'Bad'),
(75, '2025-09-28 23:05:57', 40, 68, 10.00, 1, 'Bad'),
(76, '2025-09-28 23:10:02', 30, 86, 17.00, 0, 'Bad'),
(77, '2025-09-28 23:15:02', 34, 90, 10.00, 0, 'Bad'),
(78, '2025-09-29 17:52:13', 25, 60, NULL, NULL, 'Bad'),
(79, '2025-09-30 21:48:54', 28, 99, 0.00, 0, 'Bad'),
(80, '2025-09-30 21:48:55', 28, 99, 0.00, 0, 'Bad'),
(81, '2025-09-30 21:48:56', 28, 99, 0.00, 0, 'Bad'),
(82, '2025-09-30 21:48:57', 28, 97, 0.00, 0, 'Bad'),
(83, '2025-09-30 21:48:58', 28, 97, 0.00, 0, 'Bad'),
(84, '2025-09-30 21:48:58', 28, 97, 0.00, 0, 'Bad'),
(85, '2025-09-30 21:49:02', 28, 97, 0.00, 0, 'Bad'),
(86, '2025-09-30 21:49:02', 28, 97, 0.00, 0, 'Bad'),
(87, '2025-09-30 21:49:03', 28, 97, 0.00, 0, 'Bad'),
(88, '2025-09-30 21:49:04', 28, 97, 0.00, 0, 'Bad'),
(89, '2025-09-30 21:49:04', 28, 97, 0.00, 0, 'Bad'),
(90, '2025-09-30 21:49:05', 28, 97, 0.00, 0, 'Bad'),
(91, '2025-09-30 21:49:09', 28, 97, 0.00, 0, 'Bad'),
(92, '2025-09-30 21:49:09', 28, 97, 0.00, 0, 'Bad'),
(93, '2025-09-30 21:49:10', 28, 97, 0.00, 0, 'Bad'),
(94, '2025-09-30 21:49:11', 28, 97, 0.00, 0, 'Bad'),
(95, '2025-09-30 21:49:12', 28, 97, 0.00, 0, 'Bad'),
(96, '2025-09-30 21:49:12', 28, 97, 0.00, 0, 'Bad'),
(97, '2025-09-30 21:49:13', 28, 97, 0.00, 0, 'Bad'),
(98, '2025-09-30 21:49:14', 28, 97, 0.00, 0, 'Bad'),
(99, '2025-09-30 21:49:14', 28, 97, 0.00, 0, 'Bad'),
(100, '2025-09-30 21:49:15', 28, 97, 0.00, 0, 'Bad'),
(101, '2025-09-30 21:49:16', 28, 97, 0.00, 0, 'Bad'),
(102, '2025-09-30 21:49:17', 28, 97, 0.00, 0, 'Bad'),
(103, '2025-09-30 21:49:18', 28, 97, 0.00, 0, 'Bad'),
(104, '2025-09-30 21:49:22', 28, 97, 0.00, 0, 'Bad'),
(105, '2025-09-30 21:49:25', 28, 97, 0.00, 0, 'Bad'),
(106, '2025-09-30 21:49:29', 28, 98, 0.00, 0, 'Bad'),
(107, '2025-09-30 21:49:32', 28, 97, 0.00, 0, 'Bad'),
(108, '2025-09-30 21:49:33', 28, 97, 0.00, 0, 'Bad'),
(109, '2025-09-30 21:49:34', 28, 97, 0.00, 0, 'Bad'),
(110, '2025-09-30 21:49:37', 28, 97, 0.00, 0, 'Bad'),
(111, '2025-09-30 21:49:41', 28, 97, 0.00, 0, 'Bad'),
(112, '2025-09-30 21:52:28', 28, 99, 0.00, 0, 'Bad'),
(113, '2025-09-30 21:52:31', 28, 99, 0.00, 0, 'Bad'),
(114, '2025-09-30 21:52:32', 28, 98, 0.00, 0, 'Bad'),
(115, '2025-09-30 21:52:33', 28, 98, 0.00, 0, 'Bad'),
(116, '2025-09-30 21:52:34', 28, 98, 0.00, 0, 'Bad'),
(117, '2025-09-30 21:52:35', 28, 98, 0.00, 0, 'Bad'),
(118, '2025-09-30 21:52:36', 28, 98, 0.00, 0, 'Bad'),
(119, '2025-09-30 21:52:36', 28, 98, 0.00, 0, 'Bad'),
(120, '2025-09-30 21:52:39', 28, 98, 0.00, 0, 'Bad'),
(121, '2025-09-30 21:52:43', 28, 98, 0.00, 0, 'Bad'),
(122, '2025-09-30 21:52:46', 28, 99, 0.00, 0, 'Bad'),
(123, '2025-09-30 21:52:49', 28, 99, 0.00, 0, 'Bad'),
(124, '2025-09-30 21:52:52', 28, 99, 0.00, 0, 'Bad'),
(125, '2025-09-30 21:52:53', 28, 99, 0.00, 0, 'Bad'),
(126, '2025-09-30 21:52:54', 28, 99, 0.00, 0, 'Bad'),
(127, '2025-09-30 21:52:55', 28, 99, 0.00, 0, 'Bad'),
(128, '2025-09-30 21:52:58', 28, 99, 0.00, 0, 'Bad'),
(129, '2025-09-30 21:52:59', 28, 99, 0.00, 0, 'Bad'),
(130, '2025-09-30 21:52:59', 28, 99, 0.00, 0, 'Bad'),
(131, '2025-09-30 21:53:00', 28, 99, 0.00, 0, 'Bad'),
(132, '2025-09-30 21:53:01', 28, 99, 0.00, 0, 'Bad'),
(133, '2025-09-30 21:53:02', 28, 99, 0.00, 0, 'Bad'),
(134, '2025-09-30 21:53:02', 28, 99, 0.00, 0, 'Bad'),
(135, '2025-09-30 21:53:06', 28, 99, 0.00, 0, 'Bad'),
(136, '2025-09-30 21:53:07', 28, 98, 0.00, 0, 'Bad'),
(137, '2025-09-30 21:53:09', 28, 98, 0.00, 0, 'Bad'),
(138, '2025-09-30 21:53:13', 28, 98, 0.00, 0, 'Bad'),
(139, '2025-09-30 21:53:17', 28, 98, 0.00, 0, 'Bad'),
(140, '2025-09-30 21:53:18', 28, 98, 0.00, 0, 'Bad'),
(141, '2025-09-30 21:53:19', 28, 98, 0.00, 0, 'Bad'),
(142, '2025-09-30 21:53:22', 28, 98, 0.00, 0, 'Bad'),
(143, '2025-09-30 21:53:26', 28, 98, 0.00, 0, 'Bad'),
(144, '2025-09-30 21:53:26', 28, 98, 0.00, 0, 'Bad'),
(145, '2025-09-30 21:53:29', 28, 98, 0.00, 0, 'Bad'),
(146, '2025-09-30 21:53:30', 28, 99, 0.00, 0, 'Bad'),
(147, '2025-09-30 21:53:32', 28, 99, 0.00, 0, 'Bad'),
(148, '2025-09-30 21:53:33', 28, 99, 0.00, 0, 'Bad'),
(149, '2025-09-30 21:53:33', 28, 99, 0.00, 0, 'Bad'),
(150, '2025-09-30 21:53:34', 28, 99, 0.00, 0, 'Bad'),
(151, '2025-09-30 21:53:35', 28, 100, 0.00, 0, 'Bad'),
(152, '2025-09-30 21:53:36', 28, 100, 0.00, 0, 'Bad'),
(153, '2025-09-30 21:53:36', 28, 100, 0.00, 0, 'Bad'),
(154, '2025-09-30 21:53:39', 28, 100, 0.00, 0, 'Bad'),
(155, '2025-09-30 21:53:40', 28, 100, 0.00, 0, 'Bad'),
(156, '2025-09-30 21:53:43', 28, 100, 0.00, 0, 'Bad'),
(157, '2025-09-30 21:53:44', 28, 100, 0.00, 0, 'Bad'),
(158, '2025-09-30 21:53:45', 28, 100, 0.00, 0, 'Bad'),
(159, '2025-09-30 21:53:49', 28, 100, 0.00, 0, 'Bad'),
(160, '2025-09-30 21:53:49', 28, 100, 0.00, 0, 'Bad'),
(161, '2025-09-30 21:53:50', 28, 100, 0.00, 0, 'Bad'),
(162, '2025-09-30 21:53:51', 28, 100, 0.00, 0, 'Bad'),
(163, '2025-09-30 21:53:51', 28, 100, 0.00, 0, 'Bad'),
(164, '2025-09-30 21:53:52', 28, 100, 0.00, 0, 'Bad'),
(165, '2025-09-30 21:53:53', 28, 100, 0.00, 0, 'Bad'),
(166, '2025-09-30 21:53:56', 28, 100, 0.00, 0, 'Bad'),
(167, '2025-09-30 21:53:57', 28, 100, 0.00, 0, 'Bad'),
(168, '2025-09-30 21:53:57', 28, 100, 0.00, 0, 'Bad'),
(169, '2025-09-30 21:53:58', 28, 100, 0.00, 0, 'Bad'),
(170, '2025-09-30 21:53:59', 28, 100, 0.00, 0, 'Bad'),
(171, '2025-09-30 21:54:00', 28, 100, 0.00, 0, 'Bad'),
(172, '2025-09-30 21:54:03', 28, 100, 0.00, 0, 'Bad'),
(173, '2025-09-30 21:54:04', 28, 100, 0.00, 0, 'Bad'),
(174, '2025-09-30 21:54:05', 28, 100, 0.00, 0, 'Bad'),
(175, '2025-09-30 21:54:05', 28, 100, 0.00, 0, 'Bad'),
(176, '2025-09-30 21:54:06', 28, 100, 0.00, 0, 'Bad'),
(177, '2025-09-30 21:54:07', 28, 100, 0.00, 0, 'Bad'),
(178, '2025-09-30 21:54:08', 28, 100, 0.00, 0, 'Bad'),
(179, '2025-09-30 21:54:08', 28, 100, 0.00, 0, 'Bad'),
(180, '2025-09-30 21:54:09', 28, 100, 0.00, 0, 'Bad'),
(181, '2025-09-30 21:54:10', 28, 100, 0.00, 0, 'Bad'),
(182, '2025-09-30 21:54:11', 28, 100, 0.00, 0, 'Bad'),
(183, '2025-09-30 21:54:11', 28, 100, 0.00, 0, 'Bad'),
(184, '2025-09-30 21:54:12', 28, 100, 0.00, 0, 'Bad'),
(185, '2025-09-30 21:54:13', 28, 100, 0.00, 0, 'Bad'),
(186, '2025-09-30 21:54:13', 28, 100, 0.00, 0, 'Bad'),
(187, '2025-09-30 21:54:14', 28, 100, 0.00, 0, 'Bad'),
(188, '2025-09-30 21:54:18', 28, 99, 0.00, 0, 'Bad'),
(189, '2025-09-30 21:54:18', 28, 99, 0.00, 0, 'Bad'),
(190, '2025-09-30 21:54:19', 28, 99, 0.00, 0, 'Bad'),
(191, '2025-09-30 21:54:20', 28, 99, 0.00, 0, 'Bad'),
(192, '2025-09-30 21:54:23', 28, 99, 0.00, 0, 'Bad'),
(193, '2025-09-30 21:54:27', 28, 99, 0.00, 0, 'Bad'),
(194, '2025-09-30 21:54:27', 28, 99, 0.00, 0, 'Bad'),
(195, '2025-09-30 21:54:28', 28, 99, 0.00, 0, 'Bad'),
(196, '2025-09-30 21:54:29', 28, 99, 0.00, 0, 'Bad'),
(197, '2025-09-30 21:54:29', 28, 99, 0.00, 0, 'Bad'),
(198, '2025-09-30 21:54:33', 28, 99, 0.00, 0, 'Bad'),
(199, '2025-09-30 21:54:36', 28, 99, 0.00, 0, 'Bad'),
(200, '2025-09-30 21:54:37', 28, 99, 0.00, 0, 'Bad'),
(201, '2025-09-30 21:54:37', 28, 99, 0.00, 0, 'Bad'),
(202, '2025-09-30 21:54:38', 28, 99, 0.00, 0, 'Bad'),
(203, '2025-09-30 21:54:39', 28, 99, 0.00, 0, 'Bad'),
(204, '2025-09-30 21:54:39', 28, 99, 0.00, 0, 'Bad'),
(205, '2025-09-30 21:54:40', 28, 99, 0.00, 0, 'Bad'),
(206, '2025-09-30 21:54:41', 28, 99, 0.00, 0, 'Bad'),
(207, '2025-09-30 21:54:45', 28, 99, 0.00, 0, 'Bad'),
(208, '2025-09-30 21:54:48', 28, 99, 0.00, 0, 'Bad'),
(209, '2025-09-30 21:54:51', 28, 99, 0.00, 0, 'Bad'),
(210, '2025-09-30 21:54:52', 28, 99, 0.00, 0, 'Bad'),
(211, '2025-09-30 21:54:53', 28, 99, 0.00, 0, 'Bad'),
(212, '2025-09-30 21:54:54', 28, 99, 0.00, 0, 'Bad'),
(213, '2025-09-30 21:54:54', 28, 99, 0.00, 0, 'Bad'),
(214, '2025-09-30 21:54:55', 28, 99, 0.00, 0, 'Bad'),
(215, '2025-09-30 21:54:56', 28, 99, 0.00, 0, 'Bad'),
(216, '2025-09-30 21:54:56', 28, 99, 0.00, 0, 'Bad'),
(217, '2025-09-30 21:55:00', 28, 99, 0.00, 0, 'Bad'),
(218, '2025-09-30 21:55:04', 28, 98, 0.00, 0, 'Bad'),
(219, '2025-09-30 21:55:04', 28, 98, 0.00, 0, 'Bad'),
(220, '2025-09-30 21:55:05', 28, 98, 0.00, 0, 'Bad'),
(221, '2025-09-30 21:55:09', 28, 98, 0.00, 0, 'Bad'),
(222, '2025-09-30 21:55:12', 28, 98, 0.00, 0, 'Bad'),
(223, '2025-09-30 22:01:50', 27, 100, 0.00, 0, 'Bad'),
(224, '2025-09-30 22:01:51', 27, 99, 0.00, 0, 'Bad'),
(225, '2025-09-30 22:01:51', 27, 99, 0.00, 0, 'Bad'),
(226, '2025-09-30 22:01:52', 27, 99, 0.00, 0, 'Bad'),
(227, '2025-09-30 22:01:55', 28, 99, 0.00, 0, 'Bad'),
(228, '2025-09-30 22:01:56', 28, 99, 0.00, 0, 'Bad'),
(229, '2025-09-30 22:01:59', 28, 99, 0.00, 0, 'Bad'),
(230, '2025-09-30 22:02:00', 28, 99, 0.00, 0, 'Bad'),
(231, '2025-09-30 22:02:01', 28, 99, 0.00, 0, 'Bad'),
(232, '2025-09-30 22:02:02', 28, 99, 0.00, 0, 'Bad'),
(233, '2025-09-30 22:02:05', 28, 99, 0.00, 0, 'Bad'),
(234, '2025-09-30 22:02:06', 28, 99, 0.00, 0, 'Bad'),
(235, '2025-09-30 22:02:07', 28, 99, 0.00, 0, 'Bad'),
(236, '2025-09-30 22:02:08', 28, 99, 0.00, 0, 'Bad'),
(237, '2025-09-30 22:02:11', 28, 99, 0.00, 0, 'Bad'),
(238, '2025-09-30 22:02:12', 28, 99, 0.00, 0, 'Bad'),
(239, '2025-09-30 22:02:12', 28, 99, 0.00, 0, 'Bad'),
(240, '2025-09-30 22:02:13', 28, 99, 0.00, 0, 'Bad'),
(241, '2025-09-30 22:02:16', 28, 99, 0.00, 0, 'Bad'),
(242, '2025-09-30 22:02:17', 28, 99, 0.00, 0, 'Bad'),
(243, '2025-09-30 22:02:20', 28, 99, 0.00, 0, 'Bad'),
(244, '2025-09-30 22:02:21', 28, 99, 0.00, 0, 'Bad'),
(245, '2025-09-30 22:02:22', 28, 99, 0.00, 0, 'Bad'),
(246, '2025-09-30 22:02:23', 28, 99, 0.00, 0, 'Bad'),
(247, '2025-09-30 22:02:24', 28, 99, 0.00, 0, 'Bad'),
(248, '2025-09-30 22:02:27', 28, 99, 0.00, 0, 'Bad'),
(249, '2025-09-30 22:02:28', 28, 98, 0.00, 0, 'Bad'),
(250, '2025-09-30 22:02:29', 28, 98, 0.00, 0, 'Bad'),
(251, '2025-09-30 22:02:32', 28, 98, 0.00, 0, 'Bad'),
(252, '2025-09-30 22:02:33', 28, 98, 0.00, 0, 'Bad'),
(253, '2025-09-30 22:02:33', 28, 98, 0.00, 0, 'Bad'),
(254, '2025-09-30 22:02:34', 28, 98, 0.00, 0, 'Bad'),
(255, '2025-09-30 22:02:37', 28, 98, 0.00, 0, 'Bad'),
(256, '2025-09-30 22:02:38', 28, 98, 0.00, 0, 'Bad'),
(257, '2025-09-30 22:02:40', 28, 98, 0.00, 0, 'Bad'),
(258, '2025-09-30 22:02:41', 28, 98, 0.00, 0, 'Bad'),
(259, '2025-09-30 22:02:42', 28, 98, 0.00, 0, 'Bad'),
(260, '2025-09-30 22:02:43', 28, 98, 0.00, 0, 'Bad'),
(261, '2025-09-30 22:02:43', 28, 98, 0.00, 0, 'Bad'),
(262, '2025-09-30 22:02:47', 28, 98, 0.00, 0, 'Bad'),
(263, '2025-09-30 22:02:48', 28, 98, 0.00, 0, 'Bad'),
(264, '2025-09-30 22:02:48', 28, 98, 0.00, 0, 'Bad'),
(265, '2025-09-30 22:02:50', 28, 98, 0.00, 0, 'Bad'),
(266, '2025-09-30 22:02:53', 28, 98, 0.00, 0, 'Bad'),
(267, '2025-09-30 22:02:54', 28, 98, 0.00, 0, 'Bad'),
(268, '2025-09-30 22:02:57', 28, 98, 0.00, 0, 'Bad'),
(269, '2025-09-30 22:03:01', 28, 98, 0.00, 0, 'Bad'),
(270, '2025-09-30 22:03:02', 28, 98, 0.00, 0, 'Bad'),
(271, '2025-09-30 22:03:03', 28, 98, 0.00, 0, 'Bad'),
(272, '2025-09-30 22:03:06', 28, 98, 0.00, 0, 'Bad'),
(273, '2025-09-30 22:03:09', 28, 98, 0.00, 0, 'Bad'),
(274, '2025-09-30 22:03:10', 28, 98, 0.00, 0, 'Bad'),
(275, '2025-09-30 22:03:11', 28, 98, 0.00, 0, 'Bad'),
(276, '2025-09-30 22:03:14', 28, 98, 0.00, 0, 'Bad'),
(277, '2025-09-30 22:03:15', 28, 98, 0.00, 0, 'Bad'),
(278, '2025-09-30 22:03:16', 28, 98, 0.00, 0, 'Bad'),
(279, '2025-09-30 22:03:17', 28, 98, 0.00, 0, 'Bad'),
(280, '2025-09-30 22:03:20', 28, 98, 0.00, 0, 'Bad'),
(281, '2025-09-30 22:03:21', 28, 98, 0.00, 0, 'Bad'),
(282, '2025-09-30 22:03:22', 28, 98, 0.00, 0, 'Bad'),
(283, '2025-09-30 22:03:23', 28, 98, 0.00, 0, 'Bad'),
(284, '2025-09-30 22:03:26', 28, 98, 0.00, 0, 'Bad'),
(285, '2025-09-30 22:03:26', 28, 98, 0.00, 0, 'Bad'),
(286, '2025-09-30 22:03:29', 28, 98, 0.00, 0, 'Bad'),
(287, '2025-09-30 22:03:30', 28, 98, 0.00, 0, 'Bad'),
(288, '2025-09-30 22:03:32', 28, 98, 0.00, 0, 'Bad'),
(289, '2025-09-30 22:03:33', 28, 98, 0.00, 0, 'Bad'),
(290, '2025-09-30 22:03:34', 28, 98, 0.00, 0, 'Bad'),
(291, '2025-09-30 22:03:37', 28, 98, 0.00, 0, 'Bad'),
(292, '2025-09-30 22:03:38', 28, 98, 0.00, 0, 'Bad'),
(293, '2025-09-30 22:03:39', 28, 98, 0.00, 0, 'Bad'),
(294, '2025-09-30 22:03:39', 28, 98, 0.00, 0, 'Bad'),
(295, '2025-09-30 22:03:42', 28, 98, 0.00, 0, 'Bad'),
(296, '2025-09-30 22:03:43', 28, 98, 0.00, 0, 'Bad'),
(297, '2025-09-30 22:03:44', 28, 98, 0.00, 0, 'Bad'),
(298, '2025-09-30 22:03:44', 28, 98, 0.00, 0, 'Bad'),
(299, '2025-09-30 22:03:45', 28, 98, 0.00, 0, 'Bad'),
(300, '2025-09-30 22:03:48', 28, 98, 0.00, 0, 'Bad'),
(301, '2025-09-30 22:03:50', 28, 98, 0.00, 0, 'Bad'),
(302, '2025-09-30 22:03:53', 28, 98, 0.00, 0, 'Bad'),
(303, '2025-09-30 22:03:54', 28, 98, 0.00, 0, 'Bad'),
(304, '2025-09-30 22:03:55', 28, 98, 0.00, 0, 'Bad'),
(305, '2025-09-30 22:03:55', 28, 98, 0.00, 0, 'Bad'),
(306, '2025-09-30 22:03:56', 28, 98, 0.00, 0, 'Bad'),
(307, '2025-09-30 22:03:59', 28, 98, 0.00, 0, 'Bad'),
(308, '2025-09-30 22:04:00', 28, 98, 0.00, 0, 'Bad'),
(309, '2025-09-30 22:04:02', 28, 98, 0.00, 0, 'Bad'),
(310, '2025-09-30 22:04:03', 28, 98, 0.00, 0, 'Bad'),
(311, '2025-09-30 22:04:04', 28, 98, 0.00, 0, 'Bad'),
(312, '2025-09-30 22:04:07', 28, 98, 0.00, 0, 'Bad'),
(313, '2025-09-30 22:04:08', 28, 98, 0.00, 0, 'Bad'),
(314, '2025-09-30 22:04:08', 28, 98, 0.00, 0, 'Bad'),
(315, '2025-09-30 22:04:09', 28, 98, 0.00, 0, 'Bad'),
(316, '2025-09-30 22:04:10', 28, 98, 0.00, 0, 'Bad'),
(317, '2025-09-30 22:04:14', 28, 98, 0.00, 0, 'Bad'),
(318, '2025-09-30 22:04:14', 28, 98, 0.00, 0, 'Bad'),
(319, '2025-09-30 22:04:15', 28, 98, 0.00, 0, 'Bad'),
(320, '2025-09-30 22:04:16', 28, 98, 0.00, 0, 'Bad'),
(321, '2025-09-30 22:04:17', 28, 98, 0.00, 0, 'Bad'),
(322, '2025-09-30 22:04:17', 28, 98, 0.00, 0, 'Bad'),
(323, '2025-09-30 22:04:18', 28, 98, 0.00, 0, 'Bad'),
(324, '2025-09-30 22:04:19', 28, 98, 0.00, 0, 'Bad'),
(325, '2025-09-30 22:04:22', 28, 98, 0.00, 0, 'Bad'),
(326, '2025-09-30 22:04:23', 28, 98, 0.00, 0, 'Bad'),
(327, '2025-09-30 22:04:23', 28, 98, 0.00, 0, 'Bad'),
(328, '2025-09-30 22:04:26', 28, 98, 0.00, 0, 'Bad'),
(329, '2025-09-30 22:04:27', 28, 98, 0.00, 0, 'Bad'),
(330, '2025-09-30 22:04:27', 28, 98, 0.00, 0, 'Bad'),
(331, '2025-09-30 22:04:28', 28, 98, 0.00, 0, 'Bad'),
(332, '2025-09-30 22:04:29', 28, 98, 0.00, 0, 'Bad'),
(333, '2025-09-30 22:04:29', 28, 98, 0.00, 0, 'Bad'),
(334, '2025-09-30 22:04:30', 28, 98, 0.00, 0, 'Bad'),
(335, '2025-09-30 22:04:31', 28, 98, 0.00, 0, 'Bad'),
(336, '2025-09-30 22:04:31', 28, 98, 0.00, 0, 'Bad'),
(337, '2025-09-30 22:04:32', 28, 98, 0.00, 0, 'Bad'),
(338, '2025-09-30 22:04:33', 28, 98, 0.00, 0, 'Bad'),
(339, '2025-09-30 22:04:34', 28, 98, 0.00, 0, 'Bad'),
(340, '2025-09-30 22:04:37', 28, 98, 0.00, 0, 'Bad'),
(341, '2025-09-30 22:04:38', 28, 99, 0.00, 0, 'Bad'),
(342, '2025-09-30 22:04:38', 28, 99, 0.00, 0, 'Bad'),
(343, '2025-09-30 22:04:39', 28, 99, 0.00, 0, 'Bad'),
(344, '2025-09-30 22:04:42', 28, 98, 0.00, 0, 'Bad'),
(345, '2025-09-30 22:04:45', 28, 98, 0.00, 0, 'Bad'),
(346, '2025-09-30 22:04:46', 28, 98, 0.00, 0, 'Bad'),
(347, '2025-09-30 22:04:49', 28, 98, 0.00, 0, 'Bad'),
(348, '2025-09-30 22:04:50', 28, 98, 0.00, 0, 'Bad'),
(349, '2025-09-30 22:04:54', 28, 98, 0.00, 0, 'Bad'),
(350, '2025-09-30 22:04:54', 28, 98, 0.00, 0, 'Bad'),
(351, '2025-09-30 22:04:55', 28, 98, 0.00, 0, 'Bad'),
(352, '2025-09-30 22:04:58', 28, 98, 0.00, 0, 'Bad'),
(353, '2025-09-30 22:04:59', 28, 99, 0.00, 0, 'Bad'),
(354, '2025-09-30 22:05:00', 28, 99, 0.00, 0, 'Bad'),
(355, '2025-09-30 22:05:01', 28, 99, 0.00, 0, 'Bad'),
(356, '2025-09-30 22:05:01', 28, 98, 0.00, 0, 'Bad'),
(357, '2025-09-30 22:05:02', 28, 98, 0.00, 0, 'Bad'),
(358, '2025-09-30 22:05:06', 28, 98, 0.00, 0, 'Bad'),
(359, '2025-09-30 22:05:06', 28, 98, 0.00, 0, 'Bad'),
(360, '2025-09-30 22:05:07', 28, 98, 0.00, 0, 'Bad'),
(361, '2025-09-30 22:05:08', 28, 98, 0.00, 0, 'Bad'),
(362, '2025-09-30 22:05:09', 28, 98, 0.00, 0, 'Bad'),
(363, '2025-09-30 22:05:10', 28, 98, 0.00, 0, 'Bad'),
(364, '2025-09-30 22:05:10', 28, 98, 0.00, 0, 'Bad'),
(365, '2025-09-30 22:05:11', 28, 98, 0.00, 0, 'Bad'),
(366, '2025-09-30 22:05:13', 28, 98, 0.00, 0, 'Bad'),
(367, '2025-09-30 22:05:14', 28, 98, 0.00, 0, 'Bad'),
(368, '2025-09-30 22:05:15', 28, 98, 0.00, 0, 'Bad'),
(369, '2025-09-30 22:05:16', 28, 98, 0.00, 0, 'Bad'),
(370, '2025-09-30 22:05:19', 28, 98, 0.00, 0, 'Bad'),
(371, '2025-09-30 22:05:20', 28, 98, 0.00, 0, 'Bad'),
(372, '2025-09-30 22:05:22', 28, 98, 0.00, 0, 'Bad'),
(373, '2025-09-30 22:05:23', 28, 98, 0.00, 0, 'Bad'),
(374, '2025-09-30 22:05:24', 28, 98, 0.00, 0, 'Bad'),
(375, '2025-09-30 22:05:24', 28, 98, 0.00, 0, 'Bad'),
(376, '2025-09-30 22:05:25', 28, 98, 0.00, 0, 'Bad'),
(377, '2025-09-30 22:05:29', 28, 98, 0.00, 0, 'Bad'),
(378, '2025-09-30 22:05:29', 28, 98, 0.00, 0, 'Bad'),
(379, '2025-09-30 22:05:30', 28, 98, 0.00, 0, 'Bad'),
(380, '2025-09-30 22:05:31', 28, 98, 0.00, 0, 'Bad'),
(381, '2025-09-30 22:05:32', 28, 98, 0.00, 0, 'Bad'),
(382, '2025-09-30 22:05:33', 28, 98, 0.00, 0, 'Bad'),
(383, '2025-09-30 22:05:34', 28, 98, 0.00, 0, 'Bad'),
(384, '2025-09-30 22:05:37', 28, 98, 0.00, 0, 'Bad'),
(385, '2025-09-30 22:05:38', 28, 98, 0.00, 0, 'Bad'),
(386, '2025-10-03 11:49:29', 37, 62, 20.00, 0, 'Bad'),
(387, '2025-10-03 11:50:02', 34, 79, 20.00, 1, 'Bad'),
(388, '2025-10-03 11:51:31', 37, 71, 12.00, 1, 'Bad'),
(389, '2025-10-03 11:53:06', 37, 81, 9.00, 0, 'Bad'),
(390, '2025-10-03 11:53:20', 36, 84, 13.00, 0, 'Bad'),
(391, '2025-10-03 11:55:02', 36, 70, 12.00, 0, 'Bad'),
(392, '2025-10-03 12:00:51', 38, 69, 5.00, 1, 'Bad'),
(393, '2025-10-03 12:03:45', 39, 68, 16.00, 0, 'Bad'),
(394, '2025-10-03 12:05:02', 37, 64, 5.00, 0, 'Bad'),
(395, '2025-10-03 12:10:02', 38, 87, 5.00, 1, 'Bad'),
(396, '2025-10-03 12:11:26', 35, 90, 18.00, 0, 'Bad'),
(397, '2025-10-03 12:11:32', 34, 76, 18.00, 1, 'Bad'),
(398, '2025-10-03 12:15:02', 30, 63, 17.00, 1, 'Bad'),
(399, '2025-10-03 12:20:05', 39, 67, 12.00, 1, 'Bad'),
(400, '2025-10-03 12:25:01', 39, 64, 11.00, 1, 'Bad'),
(401, '2025-10-03 12:32:49', 38, 75, 15.00, 1, 'Bad'),
(402, '2025-10-03 12:33:04', 30, 82, 14.00, 1, 'Good'),
(403, '2025-10-03 12:33:11', 38, 72, 12.00, 0, 'Bad'),
(404, '2025-10-03 12:35:01', 37, 64, 12.00, 0, 'Bad'),
(405, '2025-10-03 12:40:02', 36, 89, 10.00, 1, 'Bad'),
(406, '2025-10-03 12:45:02', 38, 78, 10.00, 1, 'Bad'),
(407, '2025-10-03 12:48:56', 31, 72, 20.00, 1, 'Good'),
(408, '2025-10-03 12:49:19', 32, 89, 6.00, 0, 'Bad'),
(409, '2025-10-03 12:50:02', 30, 72, 9.00, 0, 'Good'),
(410, '2025-10-03 12:55:02', 32, 86, 10.00, 1, 'Bad'),
(411, '2025-10-03 13:04:51', 38, 78, 8.00, 0, 'Bad'),
(412, '2025-10-03 13:05:01', 37, 61, 12.00, 0, 'Bad'),
(413, '2025-10-03 13:05:29', 32, 82, 11.00, 1, 'Good'),
(414, '2025-10-03 13:12:00', 39, 77, 14.00, 0, 'Bad'),
(415, '2025-10-03 13:12:55', 31, 84, 11.00, 0, 'Good'),
(416, '2025-10-03 13:15:01', 35, 81, 14.00, 0, 'Bad'),
(417, '2025-10-03 13:17:17', 40, 63, 15.00, 1, 'Bad'),
(418, '2025-10-03 13:20:01', 36, 88, 3.00, 1, 'Bad'),
(419, '2025-10-03 13:20:12', 37, 69, 9.00, 0, 'Bad'),
(420, '2025-10-03 13:23:42', 36, 69, 11.00, 1, 'Bad'),
(421, '2025-10-03 13:23:56', 31, 74, 11.00, 0, 'Good'),
(422, '2025-10-03 13:24:31', 37, 67, 8.00, 1, 'Bad'),
(423, '2025-10-03 13:24:40', 34, 63, 19.00, 1, 'Bad'),
(424, '2025-10-03 13:24:51', 35, 72, 11.00, 0, 'Bad'),
(425, '2025-10-03 13:25:02', 36, 81, 9.00, 1, 'Bad'),
(426, '2025-10-03 13:28:09', 40, 77, 18.00, 0, 'Bad'),
(427, '2025-10-03 13:29:48', 37, 83, 7.00, 1, 'Bad'),
(428, '2025-10-03 13:30:01', 35, 84, 3.00, 1, 'Bad'),
(429, '2025-10-03 13:31:24', 40, 73, 13.00, 1, 'Bad'),
(430, '2025-10-03 13:31:36', 35, 61, 3.00, 0, 'Bad'),
(431, '2025-10-03 13:31:43', 37, 84, 13.00, 1, 'Bad'),
(432, '2025-10-03 13:32:44', 30, 72, 5.00, 1, 'Good'),
(433, '2025-10-03 13:33:22', 37, 87, 14.00, 0, 'Bad'),
(434, '2025-10-03 13:34:20', 35, 84, 13.00, 1, 'Bad'),
(435, '2025-10-03 13:34:41', 31, 78, 6.00, 1, 'Good'),
(436, '2025-10-03 13:34:46', 38, 90, 3.00, 0, 'Bad'),
(437, '2025-10-03 13:34:56', 30, 61, 14.00, 1, 'Bad'),
(438, '2025-10-03 13:35:02', 36, 66, 17.00, 0, 'Bad'),
(439, '2025-10-03 13:37:03', 32, 61, 2.00, 0, 'Bad'),
(440, '2025-10-03 13:37:09', 34, 69, 7.00, 0, 'Bad'),
(441, '2025-10-03 13:37:14', 38, 84, 20.00, 0, 'Bad'),
(442, '2025-10-03 13:37:18', 35, 87, 4.00, 0, 'Bad'),
(443, '2025-10-03 13:37:22', 40, 82, 6.00, 1, 'Bad'),
(444, '2025-10-03 13:40:02', 31, 90, 6.00, 0, 'Bad'),
(445, '2025-10-03 13:40:13', 30, 76, 9.00, 0, 'Good'),
(446, '2025-10-03 13:40:20', 38, 62, 6.00, 0, 'Bad'),
(447, '2025-10-03 13:40:48', 39, 68, 15.00, 0, 'Bad'),
(448, '2025-10-03 13:41:01', 39, 82, 16.00, 0, 'Bad'),
(449, '2025-10-03 13:41:08', 30, 69, 12.00, 0, 'Good'),
(450, '2025-10-03 13:41:13', 32, 71, 7.00, 1, 'Good'),
(451, '2025-10-03 13:41:18', 38, 71, 10.00, 1, 'Bad'),
(452, '2025-10-03 13:41:45', 33, 79, 1.00, 0, 'Bad'),
(453, '2025-10-03 13:41:49', 38, 89, 2.00, 0, 'Bad'),
(454, '2025-10-03 13:41:56', 36, 63, 6.00, 0, 'Bad'),
(455, '2025-10-03 13:42:07', 37, 87, 16.00, 0, 'Bad'),
(456, '2025-10-03 13:42:15', 38, 67, 11.00, 0, 'Bad'),
(457, '2025-10-03 13:42:21', 31, 62, 13.00, 0, 'Bad'),
(458, '2025-10-03 13:42:24', 36, 60, 14.00, 1, 'Bad'),
(459, '2025-10-03 13:45:02', 39, 67, 9.00, 0, 'Bad'),
(460, '2025-10-03 13:46:02', 39, 73, 9.00, 0, 'Bad'),
(461, '2025-10-03 13:46:21', 31, 74, 18.00, 1, 'Good'),
(462, '2025-10-03 13:46:26', 30, 60, 17.00, 1, 'Bad'),
(463, '2025-10-03 13:46:30', 30, 90, 10.00, 1, 'Bad'),
(464, '2025-10-03 13:46:36', 36, 63, 6.00, 0, 'Bad'),
(465, '2025-10-03 13:50:02', 33, 60, 5.00, 0, 'Bad'),
(466, '2025-10-03 14:47:04', 25, 97, 0.00, 0, 'Bad'),
(467, '2025-10-03 14:47:04', 25, 97, 0.00, 0, 'Bad'),
(468, '2025-10-03 14:47:05', 25, 97, 0.00, 0, 'Bad'),
(469, '2025-10-03 14:47:06', 25, 97, 0.00, 0, 'Bad'),
(470, '2025-10-03 14:47:07', 25, 97, 0.00, 0, 'Bad'),
(471, '2025-10-03 14:47:10', 25, 97, 0.00, 0, 'Bad'),
(472, '2025-10-03 14:47:11', 25, 97, 0.00, 0, 'Bad'),
(473, '2025-10-03 14:47:14', 25, 97, 0.00, 0, 'Bad'),
(474, '2025-10-03 14:47:15', 25, 97, 0.00, 0, 'Bad'),
(475, '2025-10-03 14:47:17', 25, 97, 0.00, 0, 'Bad'),
(476, '2025-10-03 14:47:17', 25, 97, 0.00, 0, 'Bad'),
(477, '2025-10-03 14:47:18', 25, 97, 0.00, 0, 'Bad'),
(478, '2025-10-03 14:47:19', 25, 97, 0.00, 0, 'Bad'),
(479, '2025-10-03 14:47:23', 25, 97, 0.00, 0, 'Bad'),
(480, '2025-10-03 14:47:23', 25, 97, 0.00, 0, 'Bad'),
(481, '2025-10-03 14:47:24', 25, 97, 0.00, 0, 'Bad'),
(482, '2025-10-03 14:47:25', 25, 97, 0.00, 0, 'Bad'),
(483, '2025-10-03 14:47:28', 25, 97, 0.00, 0, 'Bad'),
(484, '2025-10-03 14:47:29', 25, 97, 0.00, 0, 'Bad'),
(485, '2025-10-03 14:47:30', 25, 97, 0.00, 0, 'Bad'),
(486, '2025-10-03 14:47:30', 25, 97, 0.00, 0, 'Bad'),
(487, '2025-10-03 14:47:31', 25, 97, 0.00, 0, 'Bad'),
(488, '2025-10-03 14:47:32', 25, 97, 0.00, 0, 'Bad'),
(489, '2025-10-03 14:47:35', 25, 97, 0.00, 0, 'Bad'),
(490, '2025-10-03 14:47:36', 25, 97, 0.00, 0, 'Bad'),
(491, '2025-10-03 14:47:37', 25, 97, 0.00, 0, 'Bad'),
(492, '2025-10-03 14:47:37', 25, 97, 0.00, 0, 'Bad'),
(493, '2025-10-03 14:47:39', 25, 97, 0.00, 0, 'Bad'),
(494, '2025-10-03 14:47:39', 25, 97, 0.00, 0, 'Bad'),
(495, '2025-10-03 14:47:40', 25, 97, 0.00, 0, 'Bad'),
(496, '2025-10-03 14:47:41', 25, 97, 0.00, 0, 'Bad'),
(497, '2025-10-03 14:47:42', 25, 97, 0.00, 0, 'Bad'),
(498, '2025-10-03 14:47:45', 25, 97, 0.00, 0, 'Bad'),
(499, '2025-10-03 14:47:46', 25, 97, 0.00, 0, 'Bad'),
(500, '2025-10-03 14:47:47', 25, 97, 0.00, 0, 'Bad'),
(501, '2025-10-03 14:47:50', 25, 97, 0.00, 0, 'Bad'),
(502, '2025-10-03 14:47:53', 25, 97, 0.00, 0, 'Bad'),
(503, '2025-10-03 14:47:54', 25, 97, 0.00, 0, 'Bad'),
(504, '2025-10-03 14:47:55', 25, 97, 0.00, 0, 'Bad'),
(505, '2025-10-03 14:47:58', 25, 97, 0.00, 0, 'Bad'),
(506, '2025-10-03 14:48:01', 25, 97, 0.00, 0, 'Bad'),
(507, '2025-10-03 14:48:01', 25, 97, 0.00, 0, 'Bad'),
(508, '2025-10-03 14:48:02', 25, 97, 0.00, 0, 'Bad'),
(509, '2025-10-03 14:48:03', 25, 97, 0.00, 0, 'Bad'),
(510, '2025-10-03 14:48:04', 25, 97, 0.00, 0, 'Bad'),
(511, '2025-10-03 14:48:05', 25, 97, 0.00, 0, 'Bad'),
(512, '2025-10-03 14:48:05', 25, 97, 0.00, 0, 'Bad'),
(513, '2025-10-03 14:48:06', 25, 97, 0.00, 0, 'Bad'),
(514, '2025-10-03 14:48:07', 25, 97, 0.00, 0, 'Bad'),
(515, '2025-10-03 14:48:07', 25, 97, 0.00, 0, 'Bad'),
(516, '2025-10-03 14:48:08', 25, 97, 0.00, 0, 'Bad'),
(517, '2025-10-03 14:48:12', 25, 97, 0.00, 0, 'Bad'),
(518, '2025-10-03 14:48:13', 25, 97, 0.00, 0, 'Bad'),
(519, '2025-10-03 14:48:16', 25, 97, 0.00, 0, 'Bad'),
(520, '2025-10-03 14:48:17', 25, 97, 0.00, 0, 'Bad'),
(521, '2025-10-03 14:48:17', 25, 97, 0.00, 0, 'Bad'),
(522, '2025-10-03 14:48:21', 25, 97, 0.00, 0, 'Bad'),
(523, '2025-10-03 14:48:21', 25, 97, 0.00, 0, 'Bad'),
(524, '2025-10-03 14:48:22', 25, 97, 0.00, 0, 'Bad'),
(525, '2025-10-03 14:48:23', 25, 97, 0.00, 0, 'Bad'),
(526, '2025-10-03 14:48:24', 25, 97, 0.00, 0, 'Bad'),
(527, '2025-10-03 14:48:25', 25, 97, 0.00, 0, 'Bad'),
(528, '2025-10-03 14:48:25', 25, 97, 0.00, 0, 'Bad'),
(529, '2025-10-03 14:48:26', 25, 97, 0.00, 0, 'Bad'),
(530, '2025-10-03 14:48:27', 25, 97, 0.00, 0, 'Bad'),
(531, '2025-10-03 14:48:31', 25, 97, 0.00, 0, 'Bad'),
(532, '2025-10-03 14:48:31', 25, 97, 0.00, 0, 'Bad'),
(533, '2025-10-03 14:48:32', 25, 97, 0.00, 0, 'Bad'),
(534, '2025-10-03 14:48:33', 25, 97, 0.00, 0, 'Bad'),
(535, '2025-10-03 14:48:34', 25, 97, 0.00, 0, 'Bad'),
(536, '2025-10-03 14:48:34', 25, 97, 0.00, 0, 'Bad'),
(537, '2025-10-03 14:48:35', 25, 97, 0.00, 0, 'Bad'),
(538, '2025-10-03 14:48:36', 25, 97, 0.00, 0, 'Bad'),
(539, '2025-10-03 14:48:39', 25, 97, 0.00, 0, 'Bad'),
(540, '2025-10-03 14:48:43', 25, 97, 0.00, 0, 'Bad'),
(541, '2025-10-03 14:48:43', 25, 97, 0.00, 0, 'Bad'),
(542, '2025-10-03 14:48:45', 25, 97, 0.00, 0, 'Bad'),
(543, '2025-10-03 14:48:46', 25, 98, 0.00, 0, 'Bad'),
(544, '2025-10-03 14:48:46', 25, 98, 0.00, 0, 'Bad'),
(545, '2025-10-03 14:48:47', 25, 98, 0.00, 0, 'Bad'),
(546, '2025-10-03 14:48:48', 25, 98, 0.00, 0, 'Bad'),
(547, '2025-10-03 14:48:51', 25, 98, 0.00, 0, 'Bad'),
(548, '2025-10-03 14:48:52', 25, 98, 0.00, 0, 'Bad'),
(549, '2025-10-03 14:48:55', 25, 98, 0.00, 0, 'Bad'),
(550, '2025-10-03 14:48:56', 25, 98, 0.00, 0, 'Bad'),
(551, '2025-10-03 14:48:57', 25, 98, 0.00, 0, 'Bad'),
(552, '2025-10-03 14:48:57', 25, 98, 0.00, 0, 'Bad'),
(553, '2025-10-03 14:48:58', 25, 98, 0.00, 0, 'Bad'),
(554, '2025-10-03 14:48:59', 25, 98, 0.00, 0, 'Bad'),
(555, '2025-10-03 14:49:00', 25, 98, 0.00, 0, 'Bad'),
(556, '2025-10-03 14:49:01', 25, 98, 0.00, 0, 'Bad'),
(557, '2025-10-03 14:49:01', 25, 98, 0.00, 0, 'Bad'),
(558, '2025-10-03 14:49:03', 25, 98, 0.00, 0, 'Bad'),
(559, '2025-10-03 14:49:04', 25, 98, 0.00, 0, 'Bad'),
(560, '2025-10-03 14:49:05', 25, 98, 0.00, 0, 'Bad'),
(561, '2025-10-03 14:49:06', 25, 98, 0.00, 0, 'Bad'),
(562, '2025-10-03 14:49:07', 25, 98, 0.00, 0, 'Bad'),
(563, '2025-10-03 14:49:08', 25, 98, 0.00, 0, 'Bad'),
(564, '2025-10-03 14:49:09', 25, 98, 0.00, 0, 'Bad'),
(565, '2025-10-03 14:49:09', 25, 98, 0.00, 0, 'Bad'),
(566, '2025-10-03 14:49:10', 25, 98, 0.00, 0, 'Bad'),
(567, '2025-10-03 14:49:11', 25, 98, 0.00, 0, 'Bad'),
(568, '2025-10-03 14:49:12', 25, 98, 0.00, 0, 'Bad'),
(569, '2025-10-03 14:49:12', 25, 98, 0.00, 0, 'Bad'),
(570, '2025-10-03 14:49:13', 25, 98, 0.00, 0, 'Bad'),
(571, '2025-10-03 14:49:14', 25, 98, 0.00, 0, 'Bad'),
(572, '2025-10-03 14:49:17', 25, 98, 0.00, 0, 'Bad'),
(573, '2025-10-03 14:49:18', 25, 98, 0.00, 0, 'Bad'),
(574, '2025-10-03 14:49:19', 25, 98, 0.00, 0, 'Bad'),
(575, '2025-10-03 14:49:20', 25, 98, 0.00, 0, 'Bad'),
(576, '2025-10-03 14:49:21', 25, 98, 0.00, 0, 'Bad'),
(577, '2025-10-03 14:49:22', 25, 98, 0.00, 0, 'Bad'),
(578, '2025-10-03 14:49:22', 25, 98, 0.00, 0, 'Bad'),
(579, '2025-10-03 14:49:26', 25, 98, 0.00, 0, 'Bad'),
(580, '2025-10-03 14:49:26', 25, 98, 0.00, 0, 'Bad'),
(581, '2025-10-03 14:49:27', 25, 98, 0.00, 0, 'Bad'),
(582, '2025-10-03 14:49:29', 25, 98, 0.00, 0, 'Bad'),
(583, '2025-10-03 14:49:30', 25, 98, 0.00, 0, 'Bad'),
(584, '2025-10-03 14:49:31', 25, 98, 0.00, 0, 'Bad'),
(585, '2025-10-03 14:49:32', 25, 98, 0.00, 0, 'Bad'),
(586, '2025-10-03 14:49:32', 25, 98, 0.00, 0, 'Bad'),
(587, '2025-10-03 14:49:33', 25, 98, 0.00, 0, 'Bad'),
(588, '2025-10-03 14:49:34', 25, 98, 0.00, 0, 'Bad'),
(589, '2025-10-03 14:49:35', 25, 98, 0.00, 0, 'Bad'),
(590, '2025-10-03 14:49:35', 25, 98, 0.00, 0, 'Bad'),
(591, '2025-10-03 14:49:36', 25, 98, 0.00, 0, 'Bad'),
(592, '2025-10-03 14:49:37', 25, 98, 0.00, 0, 'Bad'),
(593, '2025-10-03 14:49:38', 25, 98, 0.00, 0, 'Bad'),
(594, '2025-10-03 14:49:41', 25, 98, 0.00, 0, 'Bad'),
(595, '2025-10-03 14:49:42', 25, 98, 0.00, 0, 'Bad'),
(596, '2025-10-03 14:49:43', 25, 98, 0.00, 0, 'Bad'),
(597, '2025-10-03 14:49:43', 25, 98, 0.00, 0, 'Bad'),
(598, '2025-10-03 14:49:44', 25, 98, 0.00, 0, 'Bad'),
(599, '2025-10-03 14:49:45', 25, 98, 0.00, 0, 'Bad'),
(600, '2025-10-03 14:49:45', 25, 98, 0.00, 0, 'Bad'),
(601, '2025-10-03 14:49:47', 25, 98, 0.00, 0, 'Bad'),
(602, '2025-10-03 14:49:47', 25, 98, 0.00, 0, 'Bad'),
(603, '2025-10-03 14:49:48', 25, 98, 0.00, 0, 'Bad'),
(604, '2025-10-03 14:49:49', 25, 98, 0.00, 0, 'Bad'),
(605, '2025-10-03 14:49:50', 25, 98, 0.00, 0, 'Bad'),
(606, '2025-10-03 14:49:51', 25, 98, 0.00, 0, 'Bad'),
(607, '2025-10-03 14:49:52', 25, 98, 0.00, 0, 'Bad'),
(608, '2025-10-03 14:49:52', 25, 98, 0.00, 0, 'Bad'),
(609, '2025-10-03 14:49:56', 25, 98, 0.00, 0, 'Bad'),
(610, '2025-10-03 14:49:56', 25, 98, 0.00, 0, 'Bad'),
(611, '2025-10-03 14:50:00', 25, 98, 0.00, 0, 'Bad'),
(612, '2025-10-03 14:50:00', 25, 98, 0.00, 0, 'Bad'),
(613, '2025-10-03 14:50:01', 25, 98, 0.00, 0, 'Bad'),
(614, '2025-10-03 14:50:02', 25, 98, 0.00, 0, 'Bad'),
(615, '2025-10-03 14:50:03', 25, 98, 0.00, 0, 'Bad'),
(616, '2025-10-03 14:50:06', 25, 98, 0.00, 0, 'Bad'),
(617, '2025-10-03 14:50:07', 25, 98, 0.00, 0, 'Bad'),
(618, '2025-10-03 14:50:08', 25, 98, 0.00, 0, 'Bad'),
(619, '2025-10-03 14:50:08', 25, 98, 0.00, 0, 'Bad'),
(620, '2025-10-03 14:50:09', 25, 98, 0.00, 0, 'Bad'),
(621, '2025-10-03 14:50:10', 25, 98, 0.00, 0, 'Bad'),
(622, '2025-10-03 14:50:11', 25, 98, 0.00, 0, 'Bad'),
(623, '2025-10-03 14:50:13', 25, 98, 0.00, 0, 'Bad'),
(624, '2025-10-03 14:50:14', 25, 98, 0.00, 0, 'Bad'),
(625, '2025-10-03 14:50:15', 25, 98, 0.00, 0, 'Bad'),
(626, '2025-10-03 14:50:16', 25, 98, 0.00, 0, 'Bad'),
(627, '2025-10-03 14:50:16', 25, 98, 0.00, 0, 'Bad'),
(628, '2025-10-03 14:50:20', 25, 98, 0.00, 0, 'Bad'),
(629, '2025-10-03 14:50:23', 25, 98, 0.00, 0, 'Bad'),
(630, '2025-10-03 14:50:27', 25, 98, 0.00, 0, 'Bad'),
(631, '2025-10-03 14:50:27', 25, 98, 0.00, 0, 'Bad'),
(632, '2025-10-03 14:50:28', 25, 98, 0.00, 0, 'Bad'),
(633, '2025-10-03 14:50:29', 25, 98, 0.00, 0, 'Bad'),
(634, '2025-10-03 14:50:32', 25, 98, 0.00, 0, 'Bad'),
(635, '2025-10-03 14:50:32', 25, 98, 0.00, 0, 'Bad'),
(636, '2025-10-03 14:50:33', 25, 98, 0.00, 0, 'Bad'),
(637, '2025-10-03 14:50:34', 25, 98, 0.00, 0, 'Bad'),
(638, '2025-10-03 14:50:35', 25, 98, 0.00, 0, 'Bad'),
(639, '2025-10-03 14:50:38', 25, 98, 0.00, 0, 'Bad'),
(640, '2025-10-03 14:50:39', 25, 98, 0.00, 0, 'Bad'),
(641, '2025-10-03 14:50:40', 25, 98, 0.00, 0, 'Bad'),
(642, '2025-10-03 14:50:40', 25, 98, 0.00, 0, 'Bad'),
(643, '2025-10-03 14:50:41', 25, 98, 0.00, 0, 'Bad'),
(644, '2025-10-03 14:50:42', 25, 98, 0.00, 0, 'Bad'),
(645, '2025-10-03 14:50:43', 25, 98, 0.00, 0, 'Bad'),
(646, '2025-10-03 14:50:43', 25, 98, 0.00, 0, 'Bad'),
(647, '2025-10-03 14:50:44', 25, 98, 0.00, 0, 'Bad'),
(648, '2025-10-03 14:50:46', 25, 98, 0.00, 0, 'Bad'),
(649, '2025-10-03 14:50:47', 25, 98, 0.00, 0, 'Bad'),
(650, '2025-10-03 14:50:48', 25, 98, 0.00, 0, 'Bad'),
(651, '2025-10-03 14:50:48', 25, 98, 0.00, 0, 'Bad'),
(652, '2025-10-03 14:50:49', 25, 98, 0.00, 0, 'Bad'),
(653, '2025-10-03 14:50:50', 25, 98, 0.00, 0, 'Bad'),
(654, '2025-10-03 14:50:51', 25, 98, 0.00, 0, 'Bad'),
(655, '2025-10-03 14:50:52', 25, 98, 0.00, 0, 'Bad'),
(656, '2025-10-03 14:50:52', 25, 98, 0.00, 0, 'Bad'),
(657, '2025-10-03 14:50:54', 25, 98, 0.00, 0, 'Bad'),
(658, '2025-10-03 14:50:55', 25, 98, 0.00, 0, 'Bad'),
(659, '2025-10-03 14:50:56', 25, 98, 0.00, 0, 'Bad'),
(660, '2025-10-03 14:50:57', 25, 98, 0.00, 0, 'Bad'),
(661, '2025-10-03 14:50:58', 25, 98, 0.00, 0, 'Bad'),
(662, '2025-10-03 14:50:59', 25, 98, 0.00, 0, 'Bad'),
(663, '2025-10-03 14:51:00', 25, 98, 0.00, 0, 'Bad'),
(664, '2025-10-03 14:51:00', 25, 98, 0.00, 0, 'Bad'),
(665, '2025-10-03 14:51:01', 25, 98, 0.00, 0, 'Bad'),
(666, '2025-10-03 14:51:02', 25, 98, 0.00, 0, 'Bad'),
(667, '2025-10-03 14:51:03', 25, 98, 0.00, 0, 'Bad'),
(668, '2025-10-03 14:51:05', 25, 98, 0.00, 0, 'Bad'),
(669, '2025-10-03 14:51:06', 25, 98, 0.00, 0, 'Bad'),
(670, '2025-10-03 14:51:07', 25, 98, 0.00, 0, 'Bad'),
(671, '2025-10-03 14:51:08', 25, 98, 0.00, 0, 'Bad'),
(672, '2025-10-03 14:51:09', 25, 98, 0.00, 0, 'Bad'),
(673, '2025-10-03 14:51:10', 25, 98, 0.00, 0, 'Bad'),
(674, '2025-10-03 14:51:10', 25, 98, 0.00, 0, 'Bad'),
(675, '2025-10-03 14:51:11', 25, 98, 0.00, 0, 'Bad'),
(676, '2025-10-03 14:51:12', 25, 98, 0.00, 0, 'Bad'),
(677, '2025-10-03 14:51:13', 25, 98, 0.00, 0, 'Bad'),
(678, '2025-10-03 14:51:14', 25, 98, 0.00, 0, 'Bad'),
(679, '2025-10-03 14:51:14', 25, 98, 0.00, 0, 'Bad'),
(680, '2025-10-03 14:51:15', 25, 98, 0.00, 0, 'Bad'),
(681, '2025-10-03 14:51:16', 25, 98, 0.00, 0, 'Bad'),
(682, '2025-10-03 14:51:16', 25, 98, 0.00, 0, 'Bad'),
(683, '2025-10-03 14:51:17', 25, 98, 0.00, 0, 'Bad'),
(684, '2025-10-03 14:51:18', 25, 98, 0.00, 0, 'Bad'),
(685, '2025-10-03 14:51:19', 25, 98, 0.00, 0, 'Bad'),
(686, '2025-10-03 14:51:19', 25, 98, 0.00, 0, 'Bad'),
(687, '2025-10-03 14:51:20', 25, 98, 0.00, 0, 'Bad'),
(688, '2025-10-03 14:51:21', 25, 98, 0.00, 0, 'Bad'),
(689, '2025-10-03 14:51:21', 25, 98, 0.00, 0, 'Bad'),
(690, '2025-10-03 14:51:22', 25, 98, 0.00, 0, 'Bad'),
(691, '2025-10-03 14:51:23', 25, 98, 0.00, 0, 'Bad'),
(692, '2025-10-03 14:51:24', 25, 98, 0.00, 0, 'Bad'),
(693, '2025-10-03 14:53:09', 25, 98, 0.00, 0, 'Bad'),
(694, '2025-10-03 14:53:10', 25, 98, 0.00, 0, 'Bad'),
(695, '2025-10-03 14:53:11', 25, 98, 0.00, 0, 'Bad'),
(696, '2025-10-03 14:53:11', 25, 98, 0.00, 0, 'Bad'),
(697, '2025-10-03 14:53:13', 25, 98, 0.00, 0, 'Bad'),
(698, '2025-10-03 14:53:13', 25, 98, 0.00, 0, 'Bad'),
(699, '2025-10-03 14:53:17', 25, 98, 0.00, 0, 'Bad'),
(700, '2025-10-03 14:53:17', 25, 98, 0.00, 0, 'Bad'),
(701, '2025-10-03 14:53:21', 25, 98, 0.00, 0, 'Bad'),
(702, '2025-10-03 14:53:22', 25, 98, 0.00, 0, 'Bad'),
(703, '2025-10-03 14:53:25', 25, 98, 0.00, 0, 'Bad'),
(704, '2025-10-03 14:53:26', 25, 100, 0.00, 0, 'Bad'),
(705, '2025-10-03 14:53:26', 25, 100, 0.00, 0, 'Bad'),
(706, '2025-10-03 14:53:30', 25, 100, 0.00, 0, 'Bad'),
(707, '2025-10-03 14:53:30', 26, 100, 0.00, 0, 'Bad'),
(708, '2025-10-03 14:53:32', 26, 100, 0.00, 0, 'Bad'),
(709, '2025-10-03 14:53:32', 26, 100, 0.00, 0, 'Bad'),
(710, '2025-10-03 14:53:33', 27, 100, 0.00, 0, 'Bad'),
(711, '2025-10-03 14:53:34', 27, 100, 0.00, 0, 'Bad'),
(712, '2025-10-03 14:53:35', 27, 100, 0.00, 0, 'Bad'),
(713, '2025-10-03 14:53:35', 28, 100, 0.00, 0, 'Bad'),
(714, '2025-10-03 14:53:36', 28, 100, 0.00, 0, 'Bad'),
(715, '2025-10-03 14:53:39', 28, 100, 0.00, 0, 'Bad'),
(716, '2025-10-03 14:53:40', 28, 100, 0.00, 0, 'Bad'),
(717, '2025-10-03 14:53:43', 28, 100, 0.00, 0, 'Bad'),
(718, '2025-10-03 14:53:44', 29, 100, 0.00, 0, 'Bad'),
(719, '2025-10-03 14:53:47', 29, 100, 0.00, 0, 'Bad'),
(720, '2025-10-03 14:53:51', 29, 100, 0.00, 0, 'Bad'),
(721, '2025-10-03 14:53:51', 30, 100, 0.00, 0, 'Bad'),
(722, '2025-10-03 14:53:53', 30, 100, 0.00, 0, 'Bad'),
(723, '2025-10-03 14:53:54', 30, 100, 0.00, 0, 'Bad'),
(724, '2025-10-03 14:53:55', 30, 100, 0.00, 0, 'Bad'),
(725, '2025-10-03 14:53:55', 30, 100, 0.00, 0, 'Bad'),
(726, '2025-10-03 14:53:56', 30, 100, 0.00, 0, 'Bad'),
(727, '2025-10-03 14:53:59', 30, 100, 0.00, 0, 'Bad'),
(728, '2025-10-03 14:54:01', 30, 100, 0.00, 0, 'Bad'),
(729, '2025-10-03 14:54:02', 30, 100, 0.00, 0, 'Bad'),
(730, '2025-10-03 14:54:03', 30, 100, 0.00, 0, 'Bad'),
(731, '2025-10-03 14:54:06', 30, 100, 0.00, 0, 'Bad'),
(732, '2025-10-03 14:54:08', 30, 100, 0.00, 0, 'Bad'),
(733, '2025-10-03 14:54:09', 30, 100, 0.00, 0, 'Bad'),
(734, '2025-10-03 14:54:12', 31, 100, 0.00, 0, 'Bad'),
(735, '2025-10-03 14:54:13', 31, 100, 0.00, 0, 'Bad'),
(736, '2025-10-03 14:54:14', 31, 100, 0.00, 0, 'Bad'),
(737, '2025-10-03 14:54:15', 31, 100, 0.00, 0, 'Bad'),
(738, '2025-10-03 14:54:15', 31, 100, 0.00, 0, 'Bad'),
(739, '2025-10-03 14:54:17', 31, 100, 0.00, 0, 'Bad'),
(740, '2025-10-03 14:54:17', 31, 100, 0.00, 0, 'Bad'),
(741, '2025-10-03 14:54:18', 31, 100, 0.00, 0, 'Bad'),
(742, '2025-10-03 14:54:19', 31, 100, 0.00, 0, 'Bad'),
(743, '2025-10-03 14:54:20', 31, 100, 0.00, 0, 'Bad'),
(744, '2025-10-03 14:54:20', 31, 100, 0.00, 0, 'Bad'),
(745, '2025-10-03 14:54:21', 31, 100, 0.00, 0, 'Bad'),
(746, '2025-10-03 14:54:22', 31, 100, 0.00, 0, 'Bad'),
(747, '2025-10-03 14:54:23', 31, 100, 0.00, 0, 'Bad'),
(748, '2025-10-03 14:54:26', 31, 100, 0.00, 0, 'Bad'),
(749, '2025-10-03 14:54:29', 31, 100, 0.00, 0, 'Bad'),
(750, '2025-10-03 14:54:30', 31, 100, 0.00, 0, 'Bad'),
(751, '2025-10-03 14:54:33', 31, 100, 0.00, 0, 'Bad'),
(752, '2025-10-03 14:54:36', 30, 100, 0.00, 0, 'Bad'),
(753, '2025-10-03 14:54:37', 30, 100, 0.00, 0, 'Bad'),
(754, '2025-10-03 14:54:38', 30, 100, 0.00, 0, 'Bad'),
(755, '2025-10-03 14:54:39', 30, 100, 0.00, 0, 'Bad'),
(756, '2025-10-03 14:54:42', 30, 100, 0.00, 0, 'Bad'),
(757, '2025-10-03 14:54:42', 29, 100, 0.00, 0, 'Bad'),
(758, '2025-10-03 14:54:43', 29, 100, 0.00, 0, 'Bad'),
(759, '2025-10-03 14:54:44', 29, 100, 0.00, 0, 'Bad'),
(760, '2025-10-03 14:54:46', 29, 100, 0.00, 0, 'Bad'),
(761, '2025-10-03 14:54:47', 29, 100, 0.00, 0, 'Bad'),
(762, '2025-10-03 14:54:47', 29, 100, 0.00, 0, 'Bad'),
(763, '2025-10-03 14:54:48', 29, 100, 0.00, 0, 'Bad'),
(764, '2025-10-03 14:54:51', 29, 100, 0.00, 0, 'Bad'),
(765, '2025-10-03 14:54:52', 29, 100, 0.00, 0, 'Bad'),
(766, '2025-10-03 14:54:53', 29, 100, 0.00, 0, 'Bad'),
(767, '2025-10-03 14:54:54', 29, 100, 0.00, 0, 'Bad'),
(768, '2025-10-03 14:54:55', 28, 100, 0.00, 0, 'Bad'),
(769, '2025-10-03 14:54:55', 28, 100, 0.00, 0, 'Bad'),
(770, '2025-10-03 14:54:56', 28, 100, 0.00, 0, 'Bad'),
(771, '2025-10-03 14:54:57', 28, 100, 0.00, 0, 'Bad'),
(772, '2025-10-03 14:54:58', 28, 100, 0.00, 0, 'Bad'),
(773, '2025-10-03 14:54:58', 28, 100, 0.00, 0, 'Bad'),
(774, '2025-10-03 14:54:59', 28, 100, 0.00, 0, 'Bad'),
(775, '2025-10-03 14:55:01', 28, 100, 0.00, 0, 'Bad'),
(776, '2025-10-03 14:55:02', 28, 100, 0.00, 0, 'Bad'),
(777, '2025-10-03 14:55:03', 28, 100, 0.00, 0, 'Bad'),
(778, '2025-10-03 14:55:04', 28, 100, 0.00, 0, 'Bad'),
(779, '2025-10-03 14:55:07', 28, 100, 0.00, 0, 'Bad'),
(780, '2025-10-03 14:55:10', 28, 100, 0.00, 0, 'Bad'),
(781, '2025-10-03 14:55:11', 28, 100, 0.00, 0, 'Bad'),
(782, '2025-10-03 14:55:12', 28, 100, 0.00, 0, 'Bad'),
(783, '2025-10-03 14:55:12', 28, 100, 0.00, 0, 'Bad'),
(784, '2025-10-03 14:55:13', 27, 100, 0.00, 0, 'Bad'),
(785, '2025-10-03 14:55:14', 27, 100, 0.00, 0, 'Bad'),
(786, '2025-10-03 14:55:15', 27, 100, 0.00, 0, 'Bad'),
(787, '2025-10-03 14:55:15', 27, 100, 0.00, 0, 'Bad'),
(788, '2025-10-03 14:55:16', 27, 100, 0.00, 0, 'Bad'),
(789, '2025-10-03 14:55:17', 27, 100, 0.00, 0, 'Bad'),
(790, '2025-10-03 14:55:18', 27, 100, 0.00, 0, 'Bad'),
(791, '2025-10-03 14:55:18', 27, 100, 0.00, 0, 'Bad'),
(792, '2025-10-03 14:55:22', 27, 100, 0.00, 0, 'Bad'),
(793, '2025-10-03 14:55:22', 27, 100, 0.00, 0, 'Bad'),
(794, '2025-10-03 14:55:23', 27, 100, 0.00, 0, 'Bad'),
(795, '2025-10-03 14:55:27', 27, 100, 0.00, 0, 'Bad'),
(796, '2025-10-03 14:55:28', 27, 100, 0.00, 0, 'Bad'),
(797, '2025-10-03 14:55:31', 27, 100, 0.00, 0, 'Bad'),
(798, '2025-10-03 14:55:31', 27, 100, 0.00, 0, 'Bad'),
(799, '2025-10-03 14:55:33', 27, 100, 0.00, 0, 'Bad'),
(800, '2025-10-03 14:55:36', 27, 100, 0.00, 0, 'Bad'),
(801, '2025-10-03 14:55:37', 27, 100, 0.00, 0, 'Bad'),
(802, '2025-10-03 14:55:38', 27, 100, 0.00, 0, 'Bad'),
(803, '2025-10-03 14:55:41', 27, 100, 0.00, 0, 'Bad'),
(804, '2025-10-03 14:55:42', 27, 100, 0.00, 0, 'Bad'),
(805, '2025-10-03 14:55:43', 27, 100, 0.00, 0, 'Bad'),
(806, '2025-10-03 14:55:46', 27, 100, 0.00, 0, 'Bad'),
(807, '2025-10-03 14:55:47', 27, 100, 0.00, 0, 'Bad'),
(808, '2025-10-03 14:55:48', 27, 100, 0.00, 0, 'Bad'),
(809, '2025-10-03 14:55:49', 27, 100, 0.00, 0, 'Bad'),
(810, '2025-10-03 14:55:50', 27, 100, 0.00, 0, 'Bad'),
(811, '2025-10-03 14:55:51', 27, 100, 0.00, 0, 'Bad'),
(812, '2025-10-03 14:55:51', 27, 100, 0.00, 0, 'Bad'),
(813, '2025-10-03 14:55:52', 26, 100, 0.00, 0, 'Bad'),
(814, '2025-10-03 14:55:53', 26, 100, 0.00, 0, 'Bad'),
(815, '2025-10-03 14:55:56', 26, 100, 0.00, 0, 'Bad'),
(816, '2025-10-03 14:56:00', 26, 100, 0.00, 0, 'Bad'),
(817, '2025-10-03 14:56:01', 26, 100, 0.00, 0, 'Bad'),
(818, '2025-10-03 14:56:02', 26, 100, 0.00, 0, 'Bad'),
(819, '2025-10-03 14:56:03', 26, 100, 0.00, 0, 'Bad'),
(820, '2025-10-03 14:56:04', 26, 100, 0.00, 0, 'Bad'),
(821, '2025-10-03 14:56:04', 26, 100, 0.00, 0, 'Bad'),
(822, '2025-10-03 16:04:27', 26, 99, 0.00, 1, 'Bad'),
(823, '2025-10-03 16:04:30', 26, 99, 0.00, 1, 'Bad'),
(824, '2025-10-03 16:04:32', 26, 99, 0.00, 1, 'Bad'),
(825, '2025-10-03 16:04:34', 26, 99, 0.00, 1, 'Bad'),
(826, '2025-10-03 16:04:39', 26, 99, 0.00, 1, 'Bad'),
(827, '2025-10-03 16:04:41', 26, 99, 0.00, 1, 'Bad'),
(828, '2025-10-03 16:04:43', 26, 99, 0.00, 1, 'Bad'),
(829, '2025-10-03 16:04:46', 26, 99, 0.00, 1, 'Bad'),
(830, '2025-10-03 16:04:48', 26, 99, 0.00, 1, 'Bad'),
(831, '2025-10-03 16:04:51', 26, 99, 0.00, 1, 'Bad'),
(832, '2025-10-03 16:04:53', 26, 99, 0.00, 1, 'Bad'),
(833, '2025-10-03 16:04:57', 26, 99, 0.00, 1, 'Bad'),
(834, '2025-10-03 16:04:59', 26, 99, 0.00, 1, 'Bad'),
(835, '2025-10-03 16:05:02', 26, 99, 0.00, 1, 'Bad'),
(836, '2025-10-03 16:05:04', 26, 99, 0.00, 1, 'Bad'),
(837, '2025-10-03 16:05:06', 26, 99, 0.00, 1, 'Bad'),
(838, '2025-10-03 16:05:08', 26, 99, 0.00, 1, 'Bad'),
(839, '2025-10-03 16:05:10', 26, 99, 0.00, 1, 'Bad'),
(840, '2025-10-03 16:05:13', 26, 99, 0.00, 1, 'Bad'),
(841, '2025-10-03 16:05:15', 26, 99, 0.00, 1, 'Bad'),
(842, '2025-10-03 16:05:17', 26, 99, 0.00, 1, 'Bad'),
(843, '2025-10-03 16:05:19', 26, 99, 0.00, 1, 'Bad'),
(844, '2025-10-03 16:05:21', 26, 99, 0.00, 1, 'Bad'),
(845, '2025-10-03 16:05:24', 26, 99, 0.00, 1, 'Bad'),
(846, '2025-10-03 16:05:26', 26, 99, 0.00, 1, 'Bad'),
(847, '2025-10-03 16:05:28', 26, 99, 0.00, 1, 'Bad'),
(848, '2025-10-03 16:05:30', 26, 99, 0.00, 1, 'Bad'),
(849, '2025-10-03 16:05:32', 26, 99, 0.00, 1, 'Bad'),
(850, '2025-10-03 16:05:37', 26, 99, 0.00, 1, 'Bad'),
(851, '2025-10-03 16:05:40', 26, 99, 0.00, 1, 'Bad'),
(852, '2025-10-03 16:05:42', 26, 99, 0.00, 1, 'Bad'),
(853, '2025-10-03 16:05:44', 26, 99, 0.00, 1, 'Bad'),
(854, '2025-10-03 16:05:46', 26, 99, 0.00, 1, 'Bad'),
(855, '2025-10-03 16:05:49', 26, 99, 0.00, 1, 'Bad'),
(856, '2025-10-03 16:05:51', 26, 100, 0.00, 1, 'Bad'),
(857, '2025-10-03 16:05:53', 26, 100, 0.00, 1, 'Bad'),
(858, '2025-10-03 16:05:55', 26, 100, 0.00, 1, 'Bad'),
(859, '2025-10-03 16:05:58', 26, 100, 0.00, 1, 'Bad'),
(860, '2025-10-03 16:06:00', 25, 100, 0.00, 1, 'Bad'),
(861, '2025-10-03 16:06:02', 25, 100, 0.00, 1, 'Bad'),
(862, '2025-10-03 16:06:04', 25, 100, 0.00, 1, 'Bad'),
(863, '2025-10-03 16:06:07', 25, 100, 0.00, 1, 'Bad'),
(864, '2025-10-03 16:06:09', 25, 100, 0.00, 1, 'Bad'),
(865, '2025-10-03 16:06:11', 25, 100, 0.00, 1, 'Bad'),
(866, '2025-10-03 16:06:13', 25, 100, 0.00, 1, 'Bad'),
(867, '2025-10-03 16:06:15', 25, 100, 0.00, 1, 'Bad'),
(868, '2025-10-03 16:06:19', 25, 100, 0.00, 1, 'Bad'),
(869, '2025-10-03 16:06:21', 25, 100, 0.00, 1, 'Bad'),
(870, '2025-10-03 16:06:23', 25, 100, 0.00, 1, 'Bad'),
(871, '2025-10-03 16:06:28', 25, 100, 0.00, 1, 'Bad'),
(872, '2025-10-03 16:06:30', 25, 100, 0.00, 1, 'Bad'),
(873, '2025-10-03 16:06:32', 25, 100, 0.00, 1, 'Bad'),
(874, '2025-10-03 16:06:37', 25, 100, 0.00, 1, 'Bad'),
(875, '2025-10-03 16:06:39', 25, 100, 0.00, 1, 'Bad'),
(876, '2025-10-03 16:06:41', 25, 100, 0.00, 1, 'Bad'),
(877, '2025-10-03 16:06:44', 25, 100, 0.00, 1, 'Bad'),
(878, '2025-10-03 16:06:46', 25, 100, 0.00, 1, 'Bad'),
(879, '2025-10-03 16:06:48', 25, 100, 0.00, 1, 'Bad'),
(880, '2025-10-03 16:06:50', 25, 100, 0.00, 1, 'Bad'),
(881, '2025-10-03 16:06:52', 25, 100, 0.00, 1, 'Bad'),
(882, '2025-10-03 16:06:55', 25, 100, 0.00, 1, 'Bad'),
(883, '2025-10-03 16:06:57', 25, 100, 0.00, 1, 'Bad'),
(884, '2025-10-03 16:06:59', 26, 100, 0.00, 1, 'Bad'),
(885, '2025-10-03 16:07:01', 25, 100, 0.00, 1, 'Bad'),
(886, '2025-10-03 16:07:04', 25, 100, 0.00, 1, 'Bad'),
(887, '2025-10-03 16:07:08', 25, 100, 0.00, 1, 'Bad'),
(888, '2025-10-03 16:07:10', 25, 100, 0.00, 1, 'Bad'),
(889, '2025-10-03 16:07:13', 26, 100, 0.00, 1, 'Bad'),
(890, '2025-10-03 16:07:15', 25, 100, 0.00, 1, 'Bad'),
(891, '2025-10-03 16:07:17', 26, 100, 0.00, 1, 'Bad'),
(892, '2025-10-03 16:07:20', 25, 100, 0.00, 1, 'Bad'),
(893, '2025-10-03 16:07:22', 25, 100, 0.00, 1, 'Bad'),
(894, '2025-10-03 16:07:25', 25, 100, 0.00, 1, 'Bad'),
(895, '2025-10-03 16:07:27', 25, 100, 0.00, 1, 'Bad'),
(896, '2025-10-03 16:07:29', 25, 100, 0.00, 1, 'Bad'),
(897, '2025-10-03 16:07:31', 25, 100, 0.00, 1, 'Bad'),
(898, '2025-10-03 16:07:33', 25, 100, 0.00, 1, 'Bad'),
(899, '2025-10-03 16:07:38', 25, 100, 0.00, 1, 'Bad'),
(900, '2025-10-03 16:07:41', 25, 100, 0.00, 1, 'Bad'),
(901, '2025-10-03 16:07:43', 25, 100, 0.00, 1, 'Bad'),
(902, '2025-10-03 16:07:45', 26, 100, 0.00, 1, 'Bad'),
(903, '2025-10-03 16:07:47', 26, 100, 0.00, 1, 'Bad'),
(904, '2025-10-03 16:07:49', 26, 100, 0.00, 1, 'Bad'),
(905, '2025-10-03 16:07:51', 26, 100, 0.00, 1, 'Bad'),
(906, '2025-10-03 16:07:56', 26, 100, 0.00, 1, 'Bad'),
(907, '2025-10-03 16:07:59', 26, 100, 0.00, 1, 'Bad'),
(908, '2025-10-03 16:08:01', 26, 100, 0.00, 1, 'Bad'),
(909, '2025-10-03 16:08:03', 26, 100, 0.00, 1, 'Bad'),
(910, '2025-10-03 16:08:06', 26, 100, 0.00, 1, 'Bad'),
(911, '2025-10-03 16:08:08', 26, 100, 0.00, 1, 'Bad'),
(912, '2025-10-03 16:08:10', 26, 100, 0.00, 1, 'Bad'),
(913, '2025-10-03 16:08:12', 26, 100, 0.00, 1, 'Bad'),
(914, '2025-10-03 16:08:14', 26, 100, 0.00, 1, 'Bad'),
(915, '2025-10-03 16:08:19', 26, 100, 0.00, 1, 'Bad'),
(916, '2025-10-03 16:08:21', 26, 100, 0.00, 1, 'Bad'),
(917, '2025-10-03 16:08:24', 26, 100, 0.00, 1, 'Bad'),
(918, '2025-10-03 16:08:28', 26, 100, 0.00, 1, 'Bad'),
(919, '2025-10-03 16:08:30', 26, 100, 0.00, 1, 'Bad'),
(920, '2025-10-03 16:08:32', 26, 100, 0.00, 1, 'Bad'),
(921, '2025-10-03 16:08:35', 26, 100, 0.00, 1, 'Bad'),
(922, '2025-10-03 16:08:39', 26, 100, 0.00, 1, 'Bad'),
(923, '2025-10-03 16:08:44', 26, 100, 0.00, 1, 'Bad'),
(924, '2025-10-03 16:08:46', 26, 100, 0.00, 1, 'Bad'),
(925, '2025-10-03 16:08:49', 26, 100, 0.00, 1, 'Bad'),
(926, '2025-10-03 16:08:51', 26, 100, 0.00, 1, 'Bad'),
(927, '2025-10-03 16:14:18', 26, 100, 0.00, 1, 'Bad'),
(928, '2025-10-03 16:14:20', 26, 100, 0.00, 1, 'Bad'),
(929, '2025-10-03 16:14:22', 26, 100, 0.00, 1, 'Bad'),
(930, '2025-10-03 16:14:25', 26, 100, 0.00, 1, 'Bad'),
(931, '2025-10-03 16:14:27', 26, 100, 0.00, 1, 'Bad'),
(932, '2025-10-03 16:14:29', 26, 100, 0.00, 1, 'Bad'),
(933, '2025-10-03 16:14:31', 26, 100, 0.00, 1, 'Bad'),
(934, '2025-10-03 16:14:33', 26, 100, 0.00, 1, 'Bad'),
(935, '2025-10-03 16:14:34', 30, 82, 14.00, 0, 'Good'),
(936, '2025-10-03 16:14:36', 26, 100, 0.00, 1, 'Bad'),
(937, '2025-10-03 16:14:38', 26, 100, 0.00, 1, 'Bad'),
(938, '2025-10-03 16:14:40', 26, 100, 0.00, 1, 'Bad'),
(939, '2025-10-03 16:14:42', 32, 71, 5.00, 1, 'Good'),
(940, '2025-10-03 16:14:42', 26, 100, 0.00, 1, 'Bad'),
(941, '2025-10-03 16:14:44', 26, 100, 0.00, 1, 'Bad'),
(942, '2025-10-03 16:14:47', 26, 100, 0.00, 1, 'Bad'),
(943, '2025-10-03 16:14:49', 26, 100, 0.00, 1, 'Bad'),
(944, '2025-10-03 16:14:51', 26, 100, 0.00, 1, 'Bad'),
(945, '2025-10-03 16:14:56', 26, 100, 0.00, 1, 'Bad'),
(946, '2025-10-03 16:14:58', 26, 100, 0.00, 1, 'Bad'),
(947, '2025-10-03 16:15:00', 26, 100, 0.00, 1, 'Bad'),
(948, '2025-10-03 16:15:02', 26, 100, 0.00, 1, 'Bad'),
(949, '2025-10-03 16:15:07', 26, 100, 0.00, 1, 'Bad'),
(950, '2025-10-03 16:15:12', 26, 100, 0.00, 1, 'Bad'),
(951, '2025-10-03 16:15:19', 26, 100, 0.00, 1, 'Bad'),
(952, '2025-10-03 16:15:22', 26, 100, 0.00, 1, 'Bad'),
(953, '2025-10-03 16:15:26', 26, 100, 0.00, 1, 'Bad'),
(954, '2025-10-03 16:15:30', 26, 100, 0.00, 1, 'Bad');
INSERT INTO `beehive_readings` (`reading_id`, `timestamp`, `temperature`, `humidity`, `weight`, `fan_status`, `status`) VALUES
(955, '2025-10-03 16:15:32', 26, 100, 0.00, 1, 'Bad'),
(956, '2025-10-03 16:15:34', 26, 100, 0.00, 1, 'Bad'),
(957, '2025-10-03 16:15:36', 26, 100, 0.00, 1, 'Bad'),
(958, '2025-10-04 12:24:01', 32, 81, 5.42, 1, 'Good'),
(959, '2025-10-04 12:24:06', 32, 81, 5.23, 1, 'Good'),
(960, '2025-10-04 12:24:12', 32, 81, 5.28, 1, 'Good'),
(961, '2025-10-04 12:24:17', 32, 81, 4.48, 1, 'Good'),
(962, '2025-10-04 12:24:23', 32, 81, 5.31, 1, 'Good'),
(963, '2025-10-04 12:24:29', 32, 81, 5.36, 1, 'Good'),
(964, '2025-10-04 12:24:35', 32, 81, 5.38, 1, 'Good'),
(965, '2025-10-04 12:24:42', 32, 81, 4.95, 1, 'Good'),
(966, '2025-10-04 12:24:49', 32, 81, 4.36, 1, 'Good'),
(967, '2025-10-04 12:24:54', 32, 81, 4.54, 1, 'Good'),
(968, '2025-10-04 12:25:00', 32, 81, 4.50, 1, 'Good'),
(969, '2025-10-04 12:25:05', 32, 81, 4.44, 1, 'Good'),
(970, '2025-10-04 12:25:11', 32, 81, 4.51, 1, 'Good'),
(971, '2025-10-04 12:25:16', 32, 81, 4.43, 1, 'Good'),
(972, '2025-10-04 12:25:24', 32, 81, 4.52, 1, 'Good'),
(973, '2025-10-04 12:25:29', 32, 81, 5.28, 1, 'Good'),
(974, '2025-10-04 12:25:35', 32, 81, 5.34, 1, 'Good'),
(975, '2025-10-04 12:25:41', 32, 82, 5.57, 1, 'Good'),
(976, '2025-10-04 12:25:46', 32, 81, 5.33, 1, 'Good'),
(977, '2025-10-04 12:25:52', 32, 82, 5.32, 1, 'Good'),
(978, '2025-10-04 12:25:57', 32, 82, 5.84, 1, 'Good'),
(979, '2025-10-04 12:26:05', 32, 82, 5.45, 1, 'Good'),
(980, '2025-10-04 12:26:11', 32, 82, 5.44, 1, 'Good'),
(981, '2025-10-04 12:26:16', 32, 82, 5.60, 1, 'Good'),
(982, '2025-10-04 12:26:22', 32, 82, 9.01, 1, 'Good'),
(983, '2025-10-04 12:26:27', 32, 82, 9.37, 1, 'Good'),
(984, '2025-10-04 12:26:33', 32, 82, 9.01, 1, 'Good'),
(985, '2025-10-04 12:26:41', 32, 82, 6.20, 1, 'Good'),
(986, '2025-10-04 12:26:47', 32, 82, 6.64, 1, 'Good'),
(987, '2025-10-04 12:26:55', 32, 82, 6.61, 0, 'Good'),
(988, '2025-10-04 12:27:02', 32, 82, 5.99, 0, 'Good'),
(989, '2025-10-04 12:27:07', 32, 82, 6.56, 0, 'Good'),
(990, '2025-10-04 12:27:16', 32, 82, 7.87, 0, 'Good'),
(991, '2025-10-04 12:27:21', 32, 82, 6.48, 0, 'Good'),
(992, '2025-10-04 12:27:27', 32, 82, 7.31, 0, 'Good'),
(993, '2025-10-04 12:27:32', 32, 82, 7.22, 0, 'Good'),
(994, '2025-10-04 12:27:40', 32, 82, 7.24, 0, 'Good'),
(995, '2025-10-04 12:27:48', 32, 82, 4.97, 0, 'Good'),
(996, '2025-10-04 12:27:54', 32, 82, 5.36, 0, 'Good'),
(997, '2025-10-04 12:27:59', 32, 82, 5.03, 0, 'Good'),
(998, '2025-10-04 12:28:07', 32, 82, 4.87, 0, 'Good'),
(999, '2025-10-04 12:28:13', 32, 82, 4.69, 0, 'Good'),
(1000, '2025-10-04 12:28:18', 32, 82, 4.31, 0, 'Good'),
(1001, '2025-10-04 12:28:26', 32, 82, 4.18, 0, 'Good'),
(1002, '2025-10-04 12:28:32', 32, 82, 4.36, 0, 'Good'),
(1003, '2025-10-04 12:28:40', 32, 83, 4.28, 0, 'Good'),
(1004, '2025-10-04 12:28:45', 32, 82, 4.29, 0, 'Good'),
(1005, '2025-10-04 12:28:51', 32, 82, 4.57, 0, 'Good'),
(1006, '2025-10-04 12:28:59', 32, 83, 4.59, 0, 'Good'),
(1007, '2025-10-04 12:29:04', 32, 83, 4.72, 0, 'Good'),
(1008, '2025-10-04 12:29:10', 32, 82, 4.64, 0, 'Good'),
(1009, '2025-10-04 12:29:15', 32, 82, 4.48, 0, 'Good'),
(1010, '2025-10-04 12:29:21', 32, 82, 4.69, 0, 'Good'),
(1011, '2025-10-04 12:29:26', 32, 82, 4.42, 0, 'Good'),
(1012, '2025-10-04 12:29:32', 32, 82, 4.49, 0, 'Good'),
(1013, '2025-10-06 12:20:46', 35, 66, 0.00, 1, NULL),
(1014, '2025-10-06 12:20:48', 35, 66, 0.00, 1, NULL),
(1015, '2025-10-06 12:20:53', 35, 66, 0.00, 1, NULL),
(1016, '2025-10-06 12:20:54', 35, 66, 0.00, 1, NULL),
(1017, '2025-10-06 12:20:56', 35, 66, 0.00, 1, NULL),
(1018, '2025-10-06 12:20:59', 35, 66, 0.00, 1, NULL),
(1019, '2025-10-06 12:21:18', 35, 65, 0.00, 1, NULL),
(1020, '2025-10-06 12:21:20', 35, 65, 0.00, 1, NULL),
(1021, '2025-10-06 12:21:22', 35, 65, 0.00, 1, NULL),
(1022, '2025-10-06 12:21:27', 35, 65, 0.00, 1, NULL),
(1023, '2025-10-06 12:21:29', 35, 65, 0.00, 1, NULL),
(1024, '2025-10-06 12:21:30', 35, 65, -0.13, 1, NULL),
(1025, '2025-10-06 12:21:35', 35, 65, -0.18, 1, NULL),
(1026, '2025-10-06 12:21:39', 35, 65, -0.10, 1, NULL),
(1027, '2025-10-06 12:21:41', 35, 65, 0.00, 1, NULL),
(1028, '2025-10-06 12:21:43', 35, 65, 0.06, 1, NULL),
(1029, '2025-10-06 12:21:45', 35, 65, 0.12, 1, NULL),
(1030, '2025-10-06 12:21:47', 35, 65, 0.17, 1, NULL),
(1031, '2025-10-06 12:21:48', 35, 65, 0.22, 1, NULL),
(1032, '2025-10-06 12:21:50', 35, 65, 0.26, 1, NULL),
(1033, '2025-10-06 12:21:52', 35, 65, 0.31, 1, NULL),
(1034, '2025-10-06 12:21:54', 35, 65, 0.35, 1, NULL),
(1035, '2025-10-06 12:21:56', 35, 65, 0.39, 1, NULL),
(1036, '2025-10-06 12:21:58', 35, 65, 0.43, 1, NULL),
(1037, '2025-10-06 12:22:01', 35, 65, 0.48, 1, NULL),
(1038, '2025-10-06 12:22:03', 35, 66, 0.55, 1, NULL),
(1039, '2025-10-06 12:22:06', 35, 66, 0.62, 1, NULL),
(1040, '2025-10-06 12:22:08', 35, 65, 0.69, 1, NULL),
(1041, '2025-10-06 12:22:13', 35, 65, 0.76, 1, NULL),
(1042, '2025-10-06 12:22:15', 35, 66, 0.82, 1, NULL),
(1043, '2025-10-06 12:22:16', 35, 66, 0.87, 1, NULL),
(1044, '2025-10-06 12:22:21', 35, 66, 0.91, 1, NULL),
(1045, '2025-10-06 12:22:23', 35, 66, 0.94, 1, NULL),
(1046, '2025-10-06 12:22:26', 35, 66, 0.97, 1, NULL),
(1047, '2025-10-06 12:22:28', 35, 66, 0.99, 1, NULL),
(1048, '2025-10-06 12:22:30', 35, 66, 1.01, 1, NULL),
(1049, '2025-10-06 12:22:32', 35, 66, 1.02, 1, NULL),
(1050, '2025-10-06 12:22:34', 35, 66, 1.04, 1, NULL),
(1051, '2025-10-06 12:24:53', 35, 65, 0.00, 1, NULL),
(1052, '2025-10-06 12:24:59', 35, 65, 0.00, 1, NULL),
(1053, '2025-10-06 12:25:03', 35, 65, 0.00, 1, NULL),
(1054, '2025-10-06 12:25:10', 35, 65, 0.00, 1, NULL),
(1055, '2025-10-06 12:25:13', 35, 65, 0.00, 1, NULL),
(1056, '2025-10-06 12:25:16', 35, 65, 0.06, 1, NULL),
(1057, '2025-10-06 12:25:20', 35, 65, 0.11, 1, NULL),
(1058, '2025-10-06 12:25:23', 35, 65, 0.16, 1, NULL),
(1059, '2025-10-06 12:25:27', 35, 65, 0.21, 1, NULL),
(1060, '2025-10-06 12:25:30', 35, 65, 0.27, 1, NULL),
(1061, '2025-10-06 12:25:34', 35, 65, 0.33, 1, NULL),
(1062, '2025-10-06 12:25:38', 35, 65, 0.42, 1, NULL),
(1063, '2025-10-06 12:25:42', 35, 65, 0.52, 1, NULL),
(1064, '2025-10-06 12:25:46', 35, 65, 0.62, 1, NULL),
(1065, '2025-10-06 12:25:50', 35, 65, 0.71, 1, NULL),
(1066, '2025-10-06 12:25:56', 35, 65, 0.78, 1, NULL),
(1067, '2025-10-06 12:26:00', 35, 65, 0.84, 1, NULL),
(1068, '2025-10-06 12:26:06', 35, 65, 0.89, 1, NULL),
(1069, '2025-10-06 12:26:09', 35, 65, 0.93, 1, NULL),
(1070, '2025-10-06 12:26:13', 35, 65, 0.96, 1, NULL),
(1071, '2025-10-06 12:26:16', 35, 65, 0.99, 1, NULL),
(1072, '2025-10-06 12:26:19', 35, 65, 1.01, 1, NULL),
(1073, '2025-10-06 12:26:23', 35, 65, 1.02, 1, NULL),
(1074, '2025-10-06 12:26:26', 35, 65, 1.03, 1, NULL),
(1075, '2025-10-06 12:26:30', 35, 65, 1.04, 1, NULL),
(1076, '2025-10-06 12:26:34', 35, 65, 1.05, 1, NULL),
(1077, '2025-10-06 12:26:41', 35, 65, 1.05, 1, NULL),
(1078, '2025-10-06 12:26:45', 35, 65, 1.06, 1, NULL),
(1079, '2025-10-06 12:26:49', 35, 66, 1.06, 1, NULL),
(1080, '2025-10-06 12:26:56', 35, 66, 1.07, 1, NULL),
(1081, '2025-10-06 12:27:00', 35, 65, 1.07, 1, NULL),
(1082, '2025-10-06 12:27:04', 35, 65, 1.07, 1, NULL),
(1083, '2025-10-06 12:27:10', 35, 66, 1.08, 1, NULL),
(1084, '2025-10-06 12:27:14', 35, 65, 1.08, 1, NULL),
(1085, '2025-10-06 12:27:18', 35, 65, 1.08, 1, NULL),
(1086, '2025-10-06 12:27:25', 35, 65, 1.08, 1, NULL),
(1087, '2025-10-06 12:27:31', 35, 65, 1.08, 1, NULL),
(1088, '2025-10-06 12:27:35', 35, 66, 1.08, 1, NULL),
(1089, '2025-10-06 12:27:40', 35, 66, 1.08, 1, NULL),
(1090, '2025-10-06 12:27:44', 35, 66, 1.09, 1, NULL),
(1091, '2025-10-06 12:27:50', 35, 66, 1.09, 1, NULL),
(1092, '2025-10-06 12:27:56', 35, 66, 1.09, 1, NULL),
(1093, '2025-10-06 12:28:00', 35, 66, 1.09, 1, NULL),
(1094, '2025-10-06 12:28:04', 35, 66, 1.08, 1, NULL),
(1095, '2025-10-06 12:28:09', 35, 66, 1.09, 1, NULL),
(1096, '2025-10-06 12:28:13', 35, 66, 1.09, 1, NULL),
(1097, '2025-10-06 12:28:18', 35, 66, 1.09, 1, NULL),
(1098, '2025-10-06 12:37:05', 30, 70, 10.00, 1, 'Test'),
(1099, '2025-10-06 12:38:12', 35, 67, 0.00, 1, 'Test'),
(1100, '2025-10-06 12:38:15', 35, 67, 0.00, 1, 'Test'),
(1101, '2025-10-06 12:38:19', 35, 67, 0.00, 1, 'Test'),
(1102, '2025-10-06 12:38:24', 35, 67, 0.00, 1, 'Test'),
(1103, '2025-10-06 12:40:26', 35, 67, 0.00, 1, 'Bad'),
(1104, '2025-10-06 12:40:30', 35, 67, 0.00, 1, 'Bad'),
(1105, '2025-10-06 12:40:34', 35, 66, 0.00, 1, 'Bad'),
(1106, '2025-10-06 12:40:40', 35, 66, 0.00, 1, 'Bad'),
(1107, '2025-10-06 12:40:45', 35, 66, 0.00, 1, 'Bad'),
(1108, '2025-10-06 12:40:50', 35, 66, 0.07, 1, 'Bad'),
(1109, '2025-10-06 12:40:54', 35, 66, 0.12, 1, 'Bad'),
(1110, '2025-10-06 12:41:00', 35, 66, 0.18, 1, 'Bad'),
(1111, '2025-10-06 12:41:04', 35, 66, 0.24, 1, 'Bad'),
(1112, '2025-10-06 12:41:08', 35, 66, 0.33, 1, 'Bad'),
(1113, '2025-10-06 12:41:12', 35, 66, 0.42, 1, 'Bad'),
(1114, '2025-10-06 12:41:16', 35, 66, 0.53, 1, 'Bad'),
(1115, '2025-10-06 12:41:23', 35, 66, 0.63, 1, 'Bad'),
(1116, '2025-10-06 12:41:27', 35, 66, 0.72, 1, 'Bad'),
(1117, '2025-10-06 12:41:31', 35, 66, 0.80, 1, 'Bad'),
(1118, '2025-10-06 12:41:38', 35, 66, 0.86, 1, 'Bad'),
(1119, '2025-10-06 12:41:45', 35, 66, 0.90, 1, 'Bad'),
(1120, '2025-10-06 12:41:50', 35, 66, 0.94, 1, 'Bad'),
(1121, '2025-10-06 12:41:54', 35, 66, 0.98, 1, 'Bad'),
(1122, '2025-10-06 12:41:59', 35, 66, 1.00, 1, 'Bad'),
(1123, '2025-10-06 12:42:05', 35, 66, 1.02, 1, 'Bad'),
(1124, '2025-10-06 12:42:12', 35, 66, 1.04, 1, 'Bad'),
(1125, '2025-10-06 12:42:16', 35, 66, 1.05, 1, 'Bad'),
(1126, '2025-10-06 12:42:20', 35, 66, 1.06, 1, 'Bad'),
(1127, '2025-10-06 12:42:25', 35, 66, 1.06, 1, 'Bad'),
(1128, '2025-10-06 12:42:28', 35, 66, 1.07, 1, 'Bad'),
(1129, '2025-10-06 12:42:32', 35, 66, 1.08, 1, 'Bad'),
(1130, '2025-10-06 12:42:36', 35, 66, 1.08, 1, 'Bad'),
(1131, '2025-10-06 12:42:42', 35, 66, 1.09, 1, 'Bad'),
(1132, '2025-10-06 12:42:46', 35, 66, 1.09, 1, 'Bad'),
(1133, '2025-10-06 12:42:51', 35, 66, 1.09, 1, 'Bad'),
(1134, '2025-10-06 12:42:55', 35, 66, 1.09, 1, 'Bad'),
(1135, '2025-10-06 12:43:00', 35, 66, 1.09, 1, 'Bad'),
(1136, '2025-10-06 12:43:04', 35, 66, 1.09, 1, 'Bad'),
(1137, '2025-10-06 12:43:09', 35, 66, 1.09, 1, 'Bad'),
(1138, '2025-10-06 12:43:13', 35, 66, 1.09, 1, 'Bad'),
(1139, '2025-10-06 12:43:20', 35, 66, 1.09, 1, 'Bad'),
(1140, '2025-10-06 12:43:24', 35, 66, 1.09, 1, 'Bad'),
(1141, '2025-10-06 12:43:31', 35, 66, 1.09, 1, 'Bad'),
(1142, '2025-10-06 12:43:35', 35, 66, 1.09, 1, 'Bad'),
(1143, '2025-10-06 12:43:40', 35, 66, 1.09, 1, 'Bad'),
(1144, '2025-10-06 12:43:45', 35, 66, 1.09, 1, 'Bad'),
(1145, '2025-10-06 12:43:49', 35, 66, 1.09, 1, 'Bad'),
(1146, '2025-10-06 12:43:53', 35, 66, 1.09, 1, 'Bad'),
(1147, '2025-10-06 12:43:58', 35, 66, 1.09, 1, 'Bad'),
(1148, '2025-10-06 12:44:02', 35, 66, 1.09, 1, 'Bad'),
(1149, '2025-10-06 12:44:06', 35, 66, 1.09, 1, 'Bad'),
(1150, '2025-10-06 12:44:12', 35, 67, 1.09, 1, 'Bad'),
(1151, '2025-10-06 12:44:17', 35, 67, 1.09, 1, 'Bad'),
(1152, '2025-10-06 12:44:21', 35, 67, 1.09, 1, 'Bad'),
(1153, '2025-10-06 12:44:26', 35, 67, 1.09, 1, 'Bad'),
(1154, '2025-10-06 12:44:31', 35, 67, 1.09, 1, 'Bad'),
(1155, '2025-10-06 12:44:37', 35, 67, 1.10, 1, 'Bad'),
(1156, '2025-10-06 12:44:41', 35, 67, 1.10, 1, 'Bad'),
(1157, '2025-10-06 12:44:45', 35, 67, 1.10, 1, 'Bad'),
(1158, '2025-10-06 12:44:52', 35, 67, 1.10, 1, 'Bad'),
(1159, '2025-10-06 12:44:56', 35, 67, 1.10, 1, 'Bad'),
(1160, '2025-10-06 12:45:00', 35, 67, 1.10, 1, 'Bad'),
(1161, '2025-10-06 12:45:04', 35, 67, 1.10, 1, 'Bad'),
(1162, '2025-10-06 12:45:08', 35, 67, 1.09, 1, 'Bad'),
(1163, '2025-10-06 12:45:12', 35, 67, 1.09, 1, 'Bad'),
(1164, '2025-10-06 12:45:17', 35, 67, 1.09, 1, 'Bad'),
(1165, '2025-10-06 12:45:24', 35, 67, 1.09, 1, 'Bad'),
(1166, '2025-10-06 12:45:30', 35, 67, 1.09, 1, 'Bad'),
(1167, '2025-10-06 12:45:35', 36, 67, 1.09, 1, 'Bad'),
(1168, '2025-10-06 12:45:41', 36, 67, 1.09, 1, 'Bad'),
(1169, '2025-10-06 12:45:45', 36, 67, 1.09, 1, 'Bad'),
(1170, '2025-10-06 12:45:52', 36, 67, 1.09, 1, 'Bad'),
(1171, '2025-10-06 12:45:56', 36, 67, 1.09, 1, 'Bad'),
(1172, '2025-10-06 12:46:03', 36, 67, 1.09, 1, 'Bad'),
(1173, '2025-10-06 12:46:07', 36, 67, 1.09, 1, 'Bad'),
(1174, '2025-10-06 12:46:12', 36, 67, 1.09, 1, 'Bad'),
(1175, '2025-10-06 12:46:16', 36, 67, 1.09, 1, 'Bad'),
(1176, '2025-10-06 12:46:20', 36, 67, 1.09, 1, 'Bad'),
(1177, '2025-10-06 12:46:24', 36, 67, 1.09, 1, 'Bad'),
(1178, '2025-10-06 12:46:28', 36, 67, 1.09, 1, 'Bad'),
(1179, '2025-10-06 12:46:35', 36, 66, 1.09, 1, 'Bad'),
(1180, '2025-10-06 12:46:39', 36, 66, 1.09, 1, 'Bad'),
(1181, '2025-10-06 12:46:43', 36, 66, 1.09, 1, 'Bad'),
(1182, '2025-10-06 12:46:47', 36, 66, 1.09, 1, 'Bad'),
(1183, '2025-10-06 12:46:51', 36, 66, 1.09, 1, 'Bad'),
(1184, '2025-10-06 12:46:56', 36, 66, 1.09, 1, 'Bad'),
(1185, '2025-10-06 12:47:00', 36, 67, 1.09, 1, 'Bad'),
(1186, '2025-10-06 12:47:04', 36, 66, 1.09, 1, 'Bad'),
(1187, '2025-10-06 12:47:11', 36, 66, 1.09, 1, 'Bad'),
(1188, '2025-10-06 12:47:15', 36, 66, 1.09, 1, 'Bad'),
(1189, '2025-10-06 12:47:22', 36, 66, 1.09, 1, 'Bad'),
(1190, '2025-10-06 12:47:26', 36, 66, 1.09, 1, 'Bad'),
(1191, '2025-10-06 12:47:30', 36, 66, 1.09, 1, 'Bad'),
(1192, '2025-10-06 12:47:35', 36, 66, 1.09, 1, 'Bad'),
(1193, '2025-10-06 12:47:42', 36, 66, 1.09, 1, 'Bad'),
(1194, '2025-10-06 12:47:47', 36, 66, 1.09, 1, 'Bad'),
(1195, '2025-10-06 12:47:51', 36, 66, 1.08, 1, 'Bad'),
(1196, '2025-10-06 12:47:55', 36, 66, 1.08, 1, 'Bad'),
(1197, '2025-10-06 12:48:00', 36, 66, 1.08, 1, 'Bad'),
(1198, '2025-10-06 12:48:04', 36, 66, 1.08, 1, 'Bad'),
(1199, '2025-10-06 12:48:11', 36, 66, 1.08, 1, 'Bad'),
(1200, '2025-10-06 12:48:15', 36, 66, 1.08, 1, 'Bad'),
(1201, '2025-10-06 12:48:19', 36, 66, 1.08, 1, 'Bad'),
(1202, '2025-10-06 12:48:25', 36, 66, 1.08, 1, 'Bad'),
(1203, '2025-10-06 12:48:30', 36, 66, 1.08, 1, 'Bad'),
(1204, '2025-10-06 12:48:34', 36, 66, 1.08, 1, 'Bad'),
(1205, '2025-10-06 12:48:40', 36, 66, 1.08, 1, 'Bad'),
(1206, '2025-10-06 12:48:44', 36, 66, 1.08, 1, 'Bad'),
(1207, '2025-10-06 12:48:51', 36, 66, 1.08, 1, 'Bad'),
(1208, '2025-10-06 12:48:58', 36, 66, 1.08, 1, 'Bad'),
(1209, '2025-10-06 12:49:02', 36, 66, 1.09, 1, 'Bad'),
(1210, '2025-10-06 12:49:07', 36, 66, 1.08, 1, 'Bad'),
(1211, '2025-10-06 12:49:12', 36, 66, 1.09, 1, 'Bad'),
(1212, '2025-10-06 12:49:16', 36, 66, 1.08, 1, 'Bad'),
(1213, '2025-10-06 12:49:20', 36, 66, 1.08, 1, 'Bad'),
(1214, '2025-10-06 12:49:26', 36, 66, 1.08, 1, 'Bad'),
(1215, '2025-10-06 12:49:33', 36, 66, 1.08, 1, 'Bad'),
(1216, '2025-10-06 12:49:37', 36, 66, 1.08, 1, 'Bad'),
(1217, '2025-10-06 12:49:41', 36, 66, 1.08, 1, 'Bad'),
(1218, '2025-10-06 12:49:45', 36, 66, 1.08, 1, 'Bad'),
(1219, '2025-10-06 12:49:52', 36, 66, 1.08, 1, 'Bad'),
(1220, '2025-10-06 12:49:59', 36, 66, 1.09, 1, 'Bad'),
(1221, '2025-10-06 12:50:05', 36, 66, 1.08, 1, 'Bad'),
(1222, '2025-10-06 12:50:09', 36, 66, 1.08, 1, 'Bad'),
(1223, '2025-10-06 12:50:13', 36, 67, 1.08, 1, 'Bad'),
(1224, '2025-10-06 12:50:18', 36, 67, 1.08, 1, 'Bad'),
(1225, '2025-10-06 12:50:22', 36, 67, 1.08, 1, 'Bad'),
(1226, '2025-10-06 12:50:26', 36, 66, 1.08, 1, 'Bad'),
(1227, '2025-10-06 12:50:32', 36, 66, 1.08, 1, 'Bad'),
(1228, '2025-10-06 12:50:37', 36, 66, 1.08, 1, 'Bad'),
(1229, '2025-10-06 12:50:41', 36, 66, 1.08, 1, 'Bad'),
(1230, '2025-10-06 12:50:45', 36, 66, 1.08, 1, 'Bad'),
(1231, '2025-10-06 12:50:52', 36, 66, 1.08, 1, 'Bad'),
(1232, '2025-10-06 12:50:56', 36, 66, 1.08, 1, 'Bad'),
(1233, '2025-10-06 12:51:00', 36, 66, 1.08, 1, 'Bad'),
(1234, '2025-10-06 12:51:04', 36, 66, 1.08, 1, 'Bad'),
(1235, '2025-10-06 12:51:11', 36, 66, 1.08, 1, 'Bad'),
(1236, '2025-10-06 12:51:15', 36, 66, 1.09, 1, 'Bad'),
(1237, '2025-10-06 12:51:20', 36, 66, 1.09, 1, 'Bad'),
(1238, '2025-10-06 12:51:26', 36, 66, 1.09, 1, 'Bad'),
(1239, '2025-10-06 12:51:30', 36, 65, 1.09, 1, 'Bad'),
(1240, '2025-10-06 12:51:34', 36, 66, 1.09, 1, 'Bad'),
(1241, '2025-10-06 12:51:39', 36, 65, 1.09, 1, 'Bad'),
(1242, '2025-10-06 12:51:47', 36, 65, 1.09, 1, 'Bad'),
(1243, '2025-10-06 12:51:52', 36, 65, 1.08, 1, 'Bad'),
(1244, '2025-10-06 12:51:56', 36, 66, 1.08, 1, 'Bad'),
(1245, '2025-10-06 12:52:01', 36, 66, 1.08, 1, 'Bad'),
(1246, '2025-10-06 12:52:05', 36, 66, 1.08, 1, 'Bad'),
(1247, '2025-10-06 12:52:09', 36, 66, 1.08, 1, 'Bad'),
(1248, '2025-10-06 12:52:13', 36, 66, 1.08, 1, 'Bad'),
(1249, '2025-10-06 12:52:20', 36, 66, 1.08, 1, 'Bad'),
(1250, '2025-10-06 12:52:24', 36, 66, 1.08, 1, 'Bad'),
(1251, '2025-10-06 12:52:28', 36, 66, 1.08, 1, 'Bad'),
(1252, '2025-10-06 12:52:32', 36, 66, 1.08, 1, 'Bad'),
(1253, '2025-10-06 12:52:36', 36, 65, 1.08, 1, 'Bad'),
(1254, '2025-10-06 12:52:42', 36, 65, 1.08, 1, 'Bad'),
(1255, '2025-10-06 12:52:47', 36, 65, 1.08, 1, 'Bad'),
(1256, '2025-10-06 12:52:51', 36, 65, 1.08, 1, 'Bad'),
(1257, '2025-10-06 12:52:55', 36, 65, 1.09, 1, 'Bad'),
(1258, '2025-10-06 12:52:59', 36, 64, 1.09, 1, 'Bad'),
(1259, '2025-10-06 12:53:03', 36, 65, 1.09, 1, 'Bad'),
(1260, '2025-10-06 12:53:10', 36, 65, 1.09, 1, 'Bad'),
(1261, '2025-10-06 12:53:14', 36, 65, 1.08, 1, 'Bad'),
(1262, '2025-10-06 12:53:18', 36, 65, 1.08, 1, 'Bad'),
(1263, '2025-10-06 12:53:22', 36, 65, 1.08, 1, 'Bad'),
(1264, '2025-10-06 12:53:26', 36, 65, 1.08, 1, 'Bad'),
(1265, '2025-10-06 12:53:30', 36, 65, 1.08, 1, 'Bad'),
(1266, '2025-10-06 12:53:34', 36, 65, 1.08, 1, 'Bad'),
(1267, '2025-10-06 12:53:38', 36, 65, 1.08, 1, 'Bad'),
(1268, '2025-10-06 12:53:41', 36, 65, 1.08, 1, 'Bad'),
(1269, '2025-10-06 12:53:45', 36, 65, 1.06, 1, 'Bad'),
(1270, '2025-10-06 12:53:49', 36, 65, 1.05, 1, 'Bad'),
(1271, '2025-10-06 12:53:56', 36, 65, 1.05, 1, 'Bad'),
(1272, '2025-10-06 12:54:00', 36, 64, 1.05, 1, 'Bad'),
(1273, '2025-10-06 12:54:07', 36, 65, 1.06, 1, 'Bad'),
(1274, '2025-10-06 12:54:11', 36, 64, 1.06, 1, 'Bad'),
(1275, '2025-10-06 12:54:17', 36, 64, 1.06, 1, 'Bad'),
(1276, '2025-10-06 12:54:22', 36, 64, 1.06, 1, 'Bad'),
(1277, '2025-10-06 12:54:27', 36, 64, 1.07, 1, 'Bad'),
(1278, '2025-10-06 12:54:32', 36, 64, 1.07, 1, 'Bad'),
(1279, '2025-10-06 12:54:36', 36, 64, 1.07, 1, 'Bad'),
(1280, '2025-10-06 12:54:41', 36, 65, 1.07, 1, 'Bad'),
(1281, '2025-10-06 12:54:45', 36, 65, 1.07, 1, 'Bad'),
(1282, '2025-10-06 12:54:49', 36, 65, 1.06, 1, 'Bad'),
(1283, '2025-10-06 12:54:53', 36, 64, 1.07, 1, 'Bad'),
(1284, '2025-10-06 12:54:58', 36, 64, 1.07, 1, 'Bad'),
(1285, '2025-10-06 12:55:05', 36, 64, 1.07, 1, 'Bad'),
(1286, '2025-10-06 12:55:12', 36, 65, 1.07, 1, 'Bad'),
(1287, '2025-10-06 12:55:16', 36, 65, 1.07, 1, 'Bad'),
(1288, '2025-10-06 12:55:23', 36, 65, 1.07, 1, 'Bad'),
(1289, '2025-10-06 12:55:27', 36, 65, 1.06, 1, 'Bad'),
(1290, '2025-10-06 12:55:31', 36, 65, 1.07, 1, 'Bad'),
(1291, '2025-10-06 12:55:38', 36, 65, 1.06, 1, 'Bad'),
(1292, '2025-10-06 12:55:44', 36, 65, 1.06, 1, 'Bad'),
(1293, '2025-10-06 12:55:49', 36, 65, 1.06, 1, 'Bad'),
(1294, '2025-10-06 12:55:53', 36, 65, 1.06, 1, 'Bad'),
(1295, '2025-10-06 12:55:57', 36, 65, 1.06, 1, 'Bad'),
(1296, '2025-10-06 12:56:04', 36, 64, 1.06, 1, 'Bad'),
(1297, '2025-10-06 12:56:08', 36, 64, 1.06, 1, 'Bad'),
(1298, '2025-10-06 12:56:12', 36, 64, 1.06, 1, 'Bad'),
(1299, '2025-10-06 12:56:17', 36, 64, 1.06, 1, 'Bad'),
(1300, '2025-10-06 12:56:22', 36, 64, 1.06, 1, 'Bad'),
(1301, '2025-10-06 12:56:26', 36, 64, 1.06, 1, 'Bad'),
(1302, '2025-10-06 12:56:31', 36, 64, 1.06, 1, 'Bad'),
(1303, '2025-10-06 15:05:13', 34, 50, 10.00, 1, 'Good'),
(1304, '2025-10-06 15:05:13', 30, 70, 10.00, 1, 'Bad'),
(1305, '2025-10-06 15:06:51', 32, 55, 10.00, 1, 'Good'),
(1306, '2025-10-06 15:13:00', 36, 61, 0.00, 1, 'Bad'),
(1307, '2025-10-06 15:13:03', 36, 61, 0.00, 1, 'Bad'),
(1308, '2025-10-06 15:13:09', 36, 61, 0.00, 1, 'Bad'),
(1309, '2025-10-06 15:13:12', 36, 61, 0.00, 1, 'Bad'),
(1310, '2025-10-06 15:13:16', 36, 61, -0.07, 1, 'Bad'),
(1311, '2025-10-06 15:13:22', 36, 61, 0.00, 1, 'Bad'),
(1312, '2025-10-06 15:13:25', 36, 61, 0.05, 1, 'Bad'),
(1313, '2025-10-06 15:13:28', 36, 61, 0.12, 1, 'Bad'),
(1314, '2025-10-06 15:13:32', 36, 60, 0.18, 1, 'Bad'),
(1315, '2025-10-06 15:13:35', 36, 60, 0.24, 1, 'Bad'),
(1316, '2025-10-06 15:13:38', 36, 60, 0.30, 1, 'Bad'),
(1317, '2025-10-06 15:13:42', 36, 60, 0.38, 1, 'Bad'),
(1318, '2025-10-06 15:13:48', 36, 61, 0.47, 1, 'Bad'),
(1319, '2025-10-06 15:13:52', 36, 61, 0.57, 1, 'Bad'),
(1320, '2025-10-06 15:13:55', 36, 61, 0.67, 1, 'Bad'),
(1321, '2025-10-06 15:14:02', 36, 61, 0.75, 1, 'Bad'),
(1322, '2025-10-06 15:14:07', 36, 61, 0.81, 1, 'Bad'),
(1323, '2025-10-06 15:14:11', 36, 61, 0.86, 1, 'Bad'),
(1324, '2025-10-06 15:14:14', 36, 61, 0.90, 1, 'Bad'),
(1325, '2025-10-06 15:14:18', 36, 61, 0.94, 1, 'Bad'),
(1326, '2025-10-06 15:14:21', 36, 61, 0.97, 1, 'Bad'),
(1327, '2025-10-06 15:14:27', 36, 61, 0.98, 1, 'Bad'),
(1328, '2025-10-06 15:14:31', 36, 61, 1.00, 1, 'Bad'),
(1329, '2025-10-06 15:14:37', 36, 61, 1.02, 1, 'Bad'),
(1330, '2025-10-06 15:14:41', 36, 61, 1.03, 1, 'Bad'),
(1331, '2025-10-06 15:14:46', 35, 61, 1.04, 1, 'Bad'),
(1332, '2025-10-06 15:14:52', 35, 61, 1.05, 1, 'Bad'),
(1333, '2025-10-06 15:14:55', 35, 61, 1.05, 1, 'Bad'),
(1334, '2025-10-06 15:15:00', 35, 61, 1.06, 1, 'Bad'),
(1335, '2025-10-06 15:15:04', 35, 61, 1.06, 1, 'Bad'),
(1336, '2025-10-06 15:15:07', 35, 61, 1.06, 1, 'Bad'),
(1337, '2025-10-06 15:15:13', 35, 61, 1.06, 1, 'Bad'),
(1338, '2025-10-06 15:15:16', 35, 61, 1.06, 1, 'Bad'),
(1339, '2025-10-06 15:15:20', 35, 61, 1.06, 1, 'Bad'),
(1340, '2025-10-06 15:15:23', 35, 61, 1.07, 1, 'Bad'),
(1341, '2025-10-06 15:15:28', 35, 61, 1.07, 1, 'Bad'),
(1342, '2025-10-06 15:15:31', 35, 61, 1.07, 1, 'Bad'),
(1343, '2025-10-06 15:15:37', 35, 61, 1.07, 1, 'Bad'),
(1344, '2025-10-06 15:15:40', 35, 61, 1.07, 1, 'Bad'),
(1345, '2025-10-06 15:15:44', 35, 61, 1.07, 1, 'Bad'),
(1346, '2025-10-06 15:15:47', 35, 61, 1.07, 1, 'Bad'),
(1347, '2025-10-06 15:15:52', 35, 61, 1.07, 1, 'Bad'),
(1348, '2025-10-06 15:15:55', 35, 61, 1.07, 1, 'Bad'),
(1349, '2025-10-06 15:15:59', 35, 61, 0.98, 1, 'Bad'),
(1350, '2025-10-06 15:16:02', 35, 61, 0.97, 1, 'Bad'),
(1351, '2025-10-06 15:16:56', 35, 61, 0.00, 0, 'Bad'),
(1352, '2025-10-06 15:16:59', 35, 62, 0.00, 0, 'Bad'),
(1353, '2025-10-06 15:17:03', 35, 62, 0.00, 0, 'Bad'),
(1354, '2025-10-06 15:17:06', 35, 62, 0.00, 0, 'Bad'),
(1355, '2025-10-06 15:17:10', 35, 62, -0.11, 0, 'Bad'),
(1356, '2025-10-06 15:17:16', 35, 62, 0.00, 0, 'Bad'),
(1357, '2025-10-06 15:17:22', 35, 62, 0.00, 0, 'Bad'),
(1358, '2025-10-06 15:17:25', 35, 62, 0.11, 0, 'Bad'),
(1359, '2025-10-06 15:17:31', 35, 62, 0.18, 0, 'Bad'),
(1360, '2025-10-06 15:17:38', 35, 62, 0.27, 0, 'Bad'),
(1361, '2025-10-06 15:17:44', 35, 62, 0.39, 0, 'Bad'),
(1362, '2025-10-06 15:17:48', 35, 62, 0.52, 0, 'Bad'),
(1363, '2025-10-06 15:17:51', 35, 62, 0.63, 0, 'Bad'),
(1364, '2025-10-06 15:17:54', 35, 62, 0.71, 0, 'Bad'),
(1365, '2025-10-06 15:17:58', 35, 62, 0.78, 0, 'Bad'),
(1366, '2025-10-06 15:18:02', 35, 62, 0.83, 0, 'Bad'),
(1367, '2025-10-06 15:18:05', 35, 62, 0.87, 0, 'Bad'),
(1368, '2025-10-06 15:18:08', 35, 62, 0.91, 0, 'Bad'),
(1369, '2025-10-06 15:18:13', 35, 62, 0.94, 0, 'Bad'),
(1370, '2025-10-06 15:18:16', 35, 62, 0.96, 0, 'Bad'),
(1371, '2025-10-06 15:18:19', 35, 62, 0.98, 0, 'Bad'),
(1372, '2025-10-06 15:18:25', 35, 62, 0.99, 0, 'Bad'),
(1373, '2025-10-06 15:18:29', 35, 62, 1.01, 0, 'Bad'),
(1374, '2025-10-06 15:18:32', 35, 63, 1.01, 0, 'Bad'),
(1375, '2025-10-06 15:18:36', 35, 63, 1.02, 0, 'Bad'),
(1376, '2025-10-06 15:18:39', 35, 62, 1.03, 0, 'Bad'),
(1377, '2025-10-06 15:18:42', 35, 63, 1.03, 0, 'Bad'),
(1378, '2025-10-06 15:18:46', 35, 63, 1.04, 0, 'Bad'),
(1379, '2025-10-06 15:18:49', 35, 63, 1.04, 0, 'Bad'),
(1380, '2025-10-06 15:18:53', 35, 63, 1.04, 0, 'Bad'),
(1381, '2025-10-06 15:18:56', 35, 63, 1.04, 0, 'Bad'),
(1382, '2025-10-06 15:19:01', 35, 63, 1.04, 0, 'Bad'),
(1383, '2025-10-06 15:19:07', 35, 63, 1.05, 0, 'Bad'),
(1384, '2025-10-06 15:19:10', 35, 63, 1.05, 0, 'Bad'),
(1385, '2025-10-06 15:19:13', 35, 63, 1.05, 0, 'Bad'),
(1386, '2025-10-06 15:19:17', 35, 63, 1.05, 0, 'Bad'),
(1387, '2025-10-06 15:19:21', 35, 63, 1.05, 0, 'Bad'),
(1388, '2025-10-06 15:19:24', 35, 63, 1.05, 0, 'Bad'),
(1389, '2025-10-06 15:19:28', 35, 63, 1.06, 0, 'Bad'),
(1390, '2025-10-06 15:19:31', 35, 63, 1.06, 0, 'Bad'),
(1391, '2025-10-06 15:19:34', 35, 63, 1.06, 0, 'Bad'),
(1392, '2025-10-06 15:19:38', 35, 63, 1.06, 0, 'Bad'),
(1393, '2025-10-06 15:19:41', 35, 63, 1.06, 0, 'Bad'),
(1394, '2025-10-06 15:19:46', 35, 63, 1.06, 0, 'Bad'),
(1395, '2025-10-06 15:19:49', 35, 63, 1.06, 0, 'Bad');

--
-- Triggers `beehive_readings`
--
DELIMITER $$
CREATE TRIGGER `set_beehive_status_before_insert` BEFORE INSERT ON `beehive_readings` FOR EACH ROW BEGIN
    IF (NEW.temperature BETWEEN 32 AND 36)
       AND (NEW.humidity BETWEEN 40 AND 55) THEN
        SET NEW.status = 'Good';
    ELSE
        SET NEW.status = 'Bad';
    END IF;
END
$$
DELIMITER ;
DELIMITER $$
CREATE TRIGGER `set_beehive_status_before_update` BEFORE UPDATE ON `beehive_readings` FOR EACH ROW BEGIN
    IF (NEW.temperature BETWEEN 32 AND 36)
       AND (NEW.humidity BETWEEN 40 AND 55) THEN
        SET NEW.status = 'Good';
    ELSE
        SET NEW.status = 'Bad';
    END IF;
END
$$
DELIMITER ;

-- --------------------------------------------------------

--
-- Table structure for table `bee_feeding_schedule`
--

CREATE TABLE `bee_feeding_schedule` (
  `id` int(11) NOT NULL,
  `user_id` int(11) NOT NULL,
  `next_feed` datetime NOT NULL,
  `interval_minutes` int(11) NOT NULL,
  `last_fed` datetime DEFAULT NULL,
  `created_at` timestamp NOT NULL DEFAULT current_timestamp(),
  `fed_by_user_id` int(10) UNSIGNED DEFAULT NULL,
  `fed_at` datetime DEFAULT NULL
) ENGINE=InnoDB DEFAULT CHARSET=utf8mb4 COLLATE=utf8mb4_general_ci;

--
-- Dumping data for table `bee_feeding_schedule`
--

INSERT INTO `bee_feeding_schedule` (`id`, `user_id`, `next_feed`, `interval_minutes`, `last_fed`, `created_at`, `fed_by_user_id`, `fed_at`) VALUES
(1, 3, '2025-10-05 09:32:38', 1, '2025-10-05 03:31:54', '2025-10-03 15:57:56', 3, '2025-10-05 03:31:54'),
(2, 4, '2025-10-05 04:09:29', 1, '2025-10-05 04:08:29', '2025-10-04 06:41:30', 4, '2025-10-05 04:08:29'),
(3, 3, '2025-10-05 09:32:38', 1, '2025-10-05 03:36:48', '2025-10-04 19:36:48', 3, '2025-10-05 03:36:48'),
(4, 3, '2025-10-05 09:32:38', 1, '2025-10-05 03:36:50', '2025-10-04 19:36:50', 3, '2025-10-05 03:36:50'),
(5, 3, '2025-10-05 09:32:38', 1, '2025-10-05 03:36:51', '2025-10-04 19:36:51', 3, '2025-10-05 03:36:51'),
(6, 3, '2025-10-05 09:32:38', 1, '2025-10-05 03:36:51', '2025-10-04 19:36:51', 3, '2025-10-05 03:36:51'),
(7, 3, '2025-10-05 09:32:38', 1, '2025-10-05 03:36:51', '2025-10-04 19:36:51', 3, '2025-10-05 03:36:51'),
(8, 3, '2025-10-05 09:32:38', 1, '2025-10-05 03:36:51', '2025-10-04 19:36:51', 3, '2025-10-05 03:36:51'),
(9, 3, '2025-10-05 09:32:38', 1, '2025-10-05 03:36:51', '2025-10-04 19:36:51', 3, '2025-10-05 03:36:51'),
(10, 3, '2025-10-05 09:32:38', 1, '2025-10-05 03:36:53', '2025-10-04 19:36:53', 3, '2025-10-05 03:36:53'),
(11, 3, '2025-10-05 09:32:38', 1, '2025-10-05 03:36:53', '2025-10-04 19:36:53', 3, '2025-10-05 03:36:53'),
(12, 3, '2025-10-05 09:32:38', 1, '2025-10-05 03:36:53', '2025-10-04 19:36:53', 3, '2025-10-05 03:36:53'),
(13, 3, '2025-10-05 09:32:38', 1, '2025-10-05 03:36:55', '2025-10-04 19:36:55', 3, '2025-10-05 03:36:55'),
(14, 3, '2025-10-05 09:32:38', 1, '2025-10-05 03:38:47', '2025-10-04 19:38:47', 3, '2025-10-05 03:38:47'),
(15, 3, '2025-10-05 09:32:38', 1, '2025-10-05 03:38:52', '2025-10-04 19:38:52', 3, '2025-10-05 03:38:52'),
(16, 3, '2025-10-05 09:32:38', 1, '2025-10-05 03:38:53', '2025-10-04 19:38:53', 3, '2025-10-05 03:38:53'),
(17, 3, '2025-10-05 09:32:38', 1, '2025-10-05 03:38:53', '2025-10-04 19:38:53', 3, '2025-10-05 03:38:53'),
(18, 3, '2025-10-05 09:32:38', 1, '2025-10-05 03:44:02', '2025-10-04 19:44:02', 3, '2025-10-05 03:44:02'),
(19, 3, '2025-10-05 09:32:38', 1, '2025-10-05 03:45:05', '2025-10-04 19:45:05', 3, '2025-10-05 03:45:05'),
(20, 4, '2025-10-05 04:09:29', 1, '2025-10-05 04:08:29', '2025-10-04 19:45:30', 4, '2025-10-05 04:08:29'),
(21, 4, '2025-10-05 04:09:29', 1, '2025-10-05 04:08:29', '2025-10-04 19:52:56', 4, '2025-10-05 04:08:29'),
(22, 4, '2025-10-05 04:09:29', 1, '2025-10-05 04:08:29', '2025-10-04 19:56:56', 4, '2025-10-05 04:08:29'),
(23, 3, '2025-10-05 09:32:38', 1, '2025-10-05 04:03:37', '2025-10-04 20:03:37', 3, '2025-10-05 04:03:37'),
(24, 4, '2025-10-05 04:09:29', 1, '2025-10-05 04:08:29', '2025-10-04 20:06:16', 4, '2025-10-05 04:08:29'),
(25, 4, '2025-10-05 04:09:29', 1, '2025-10-05 04:08:29', '2025-10-04 20:07:57', 4, '2025-10-05 04:08:29'),
(26, 4, '2025-10-05 04:12:12', 1, '2025-10-05 04:11:12', '2025-10-04 20:11:12', 4, '2025-10-05 04:11:12'),
(27, 3, '2025-10-05 09:32:38', 1, '2025-10-05 04:11:36', '2025-10-04 20:11:36', 3, '2025-10-05 04:11:36'),
(28, 3, '2025-10-05 09:32:38', 1, '2025-10-05 04:12:39', '2025-10-04 20:12:39', 3, '2025-10-05 04:12:39'),
(29, 4, '2025-10-05 04:14:49', 1, '2025-10-05 04:13:49', '2025-10-04 20:13:49', 4, '2025-10-05 04:13:49'),
(30, 4, '2025-10-05 04:19:36', 1, '2025-10-05 04:18:36', '2025-10-04 20:18:36', 4, '2025-10-05 04:18:36'),
(31, 4, '2025-10-05 04:21:26', 1, '2025-10-05 04:20:26', '2025-10-04 20:20:26', 4, '2025-10-05 04:20:26'),
(32, 4, '2025-10-05 04:23:53', 1, '2025-10-05 04:22:53', '2025-10-04 20:22:53', 4, '2025-10-05 04:22:53'),
(33, 4, '2025-10-05 04:25:04', 1, '2025-10-05 04:24:04', '2025-10-04 20:24:04', 4, '2025-10-05 04:24:04'),
(34, 4, '2025-10-05 04:26:23', 1, '2025-10-05 04:25:23', '2025-10-04 20:25:23', 4, '2025-10-05 04:25:23'),
(35, 3, '2025-10-05 09:32:38', 1, '2025-10-05 04:28:17', '2025-10-04 20:28:17', 3, '2025-10-05 04:28:17'),
(36, 3, '2025-10-05 09:32:38', 1, '2025-10-05 04:32:41', '2025-10-04 20:32:41', 3, '2025-10-05 04:32:41'),
(37, 3, '2025-10-05 09:32:38', 1, '2025-10-05 14:19:55', '2025-10-05 06:19:55', 3, '2025-10-05 14:19:55'),
(38, 3, '2025-10-05 09:32:38', 1, '2025-10-05 14:29:51', '2025-10-05 06:29:51', 3, '2025-10-05 14:29:51'),
(39, 3, '2025-10-05 09:32:38', 1, '2025-10-05 14:36:59', '2025-10-05 06:36:59', 3, '2025-10-05 14:36:59'),
(40, 3, '2025-10-05 09:32:38', 1, '2025-10-05 14:39:38', '2025-10-05 06:39:38', 3, '2025-10-05 14:39:38'),
(41, 3, '2025-10-05 09:32:38', 1, '2025-10-05 14:46:56', '2025-10-05 06:46:56', 3, '2025-10-05 14:46:56'),
(42, 3, '2025-10-05 09:32:38', 1, '2025-10-05 15:12:22', '2025-10-05 07:12:22', 3, '2025-10-05 15:12:22'),
(43, 3, '2025-10-05 15:32:41', 1, '2025-10-05 15:31:41', '2025-10-05 07:31:41', 3, '2025-10-05 15:31:41'),
(44, 3, '2025-10-06 12:19:22', 1, '2025-10-06 12:18:22', '2025-10-06 04:18:22', 3, '2025-10-06 12:18:22'),
(45, 4, '2025-10-06 12:47:05', 1, '2025-10-06 12:46:05', '2025-10-06 04:46:05', 4, '2025-10-06 12:46:05'),
(46, 4, '2025-10-06 12:48:14', 1, '2025-10-06 12:47:14', '2025-10-06 04:47:14', 4, '2025-10-06 12:47:14'),
(47, 3, '2025-10-06 14:38:01', 1, '2025-10-06 14:37:01', '2025-10-06 06:37:01', 3, '2025-10-06 14:37:01'),
(48, 4, '2025-10-06 14:39:14', 1, '2025-10-06 14:38:14', '2025-10-06 06:38:14', 4, '2025-10-06 14:38:14');

-- --------------------------------------------------------

--
-- Table structure for table `db_access`
--

CREATE TABLE `db_access` (
  `db_id` int(11) NOT NULL,
  `username` varchar(50) NOT NULL,
  `password_hash` varchar(255) NOT NULL,
  `created_at` timestamp NOT NULL DEFAULT current_timestamp(),
  `reset_token` varchar(64) DEFAULT NULL,
  `reset_expires` datetime DEFAULT NULL
) ENGINE=InnoDB DEFAULT CHARSET=utf8mb4 COLLATE=utf8mb4_general_ci;

--
-- Dumping data for table `db_access`
--

INSERT INTO `db_access` (`db_id`, `username`, `password_hash`, `created_at`, `reset_token`, `reset_expires`) VALUES
(1, 'dbadmin', '$2y$10$tSvkE5g9lCg4MKnLGjwwG.lphlLsOs/21HPoexwWchpO7G2X0gvoe', '2025-09-28 11:52:49', NULL, NULL);

-- --------------------------------------------------------

--
-- Table structure for table `users`
--

CREATE TABLE `users` (
  `user_id` int(10) UNSIGNED NOT NULL,
  `firstname` varchar(50) NOT NULL,
  `lastname` varchar(50) NOT NULL,
  `username` varchar(50) NOT NULL,
  `email` varchar(100) NOT NULL,
  `password_hash` varchar(255) NOT NULL,
  `birthday` date NOT NULL,
  `address` varchar(255) DEFAULT NULL,
  `contact_number` varchar(20) DEFAULT NULL,
  `created_by_admin_id` int(10) UNSIGNED DEFAULT NULL,
  `created_at` timestamp NOT NULL DEFAULT current_timestamp(),
  `status` enum('active','inactive') DEFAULT 'active',
  `reset_token` varchar(255) DEFAULT NULL,
  `reset_expires` datetime DEFAULT NULL
) ENGINE=InnoDB DEFAULT CHARSET=utf8mb4 COLLATE=utf8mb4_general_ci;

--
-- Dumping data for table `users`
--

INSERT INTO `users` (`user_id`, `firstname`, `lastname`, `username`, `email`, `password_hash`, `birthday`, `address`, `contact_number`, `created_by_admin_id`, `created_at`, `status`, `reset_token`, `reset_expires`) VALUES
(3, 'Charlin Iverson', 'Dalisay', 'ive', 'charlinive@gmail.com', '$2y$10$dY8rTvt9mIkQhwZnv3mFNez36F3MJrNTqCy5XU4UhTVTBVVTvXGju', '2004-01-05', '1030 Cubul, Sapalbutad, Angeles City', '09462038385', 1, '2025-09-24 06:06:29', 'active', NULL, NULL),
(4, 'Aira', 'Tolentino', 'airajade', 'airajadetolentino26@gmail.com', '$2y$10$rdfPNzaKxaEBKf0srgBtg.kWmmeajYa1iqPAFSMJ0tEtMEtw91fz2', '2004-04-26', 'mawaque, mabalacat', '09462038385', 1, '2025-09-26 06:06:14', 'active', NULL, NULL),
(5, 'Laurenz', 'Timbol', 'lauhash', 'laurenztimbol@gmail.com', '$2y$10$wqENtLU40vWvjaaMXaEpJOjj6HuOQndvbXbJhhWrw4HjxGvjSmNGa', '2004-12-19', 'Cabio Bakal, Sapalibutad, Angeles City', '09462038385', 1, '2025-10-05 06:36:15', 'active', NULL, NULL);

--
-- Indexes for dumped tables
--

--
-- Indexes for table `admins`
--
ALTER TABLE `admins`
  ADD PRIMARY KEY (`admin_id`),
  ADD UNIQUE KEY `username` (`username`),
  ADD UNIQUE KEY `email` (`email`);

--
-- Indexes for table `beehive_readings`
--
ALTER TABLE `beehive_readings`
  ADD PRIMARY KEY (`reading_id`);

--
-- Indexes for table `bee_feeding_schedule`
--
ALTER TABLE `bee_feeding_schedule`
  ADD PRIMARY KEY (`id`),
  ADD KEY `fk_user_feeding` (`fed_by_user_id`);

--
-- Indexes for table `db_access`
--
ALTER TABLE `db_access`
  ADD PRIMARY KEY (`db_id`),
  ADD UNIQUE KEY `username` (`username`);

--
-- Indexes for table `users`
--
ALTER TABLE `users`
  ADD PRIMARY KEY (`user_id`),
  ADD UNIQUE KEY `username` (`username`),
  ADD UNIQUE KEY `email` (`email`),
  ADD KEY `created_by_admin_id` (`created_by_admin_id`);

--
-- AUTO_INCREMENT for dumped tables
--

--
-- AUTO_INCREMENT for table `admins`
--
ALTER TABLE `admins`
  MODIFY `admin_id` int(10) UNSIGNED NOT NULL AUTO_INCREMENT, AUTO_INCREMENT=2;

--
-- AUTO_INCREMENT for table `beehive_readings`
--
ALTER TABLE `beehive_readings`
  MODIFY `reading_id` int(11) NOT NULL AUTO_INCREMENT, AUTO_INCREMENT=1396;

--
-- AUTO_INCREMENT for table `bee_feeding_schedule`
--
ALTER TABLE `bee_feeding_schedule`
  MODIFY `id` int(11) NOT NULL AUTO_INCREMENT, AUTO_INCREMENT=49;

--
-- AUTO_INCREMENT for table `db_access`
--
ALTER TABLE `db_access`
  MODIFY `db_id` int(11) NOT NULL AUTO_INCREMENT, AUTO_INCREMENT=2;

--
-- AUTO_INCREMENT for table `users`
--
ALTER TABLE `users`
  MODIFY `user_id` int(10) UNSIGNED NOT NULL AUTO_INCREMENT, AUTO_INCREMENT=6;

--
-- Constraints for dumped tables
--

--
-- Constraints for table `bee_feeding_schedule`
--
ALTER TABLE `bee_feeding_schedule`
  ADD CONSTRAINT `fk_user_feeding` FOREIGN KEY (`fed_by_user_id`) REFERENCES `users` (`user_id`) ON DELETE SET NULL ON UPDATE CASCADE;

--
-- Constraints for table `users`
--
ALTER TABLE `users`
  ADD CONSTRAINT `users_ibfk_1` FOREIGN KEY (`created_by_admin_id`) REFERENCES `admins` (`admin_id`);
COMMIT;

/*!40101 SET CHARACTER_SET_CLIENT=@OLD_CHARACTER_SET_CLIENT */;
/*!40101 SET CHARACTER_SET_RESULTS=@OLD_CHARACTER_SET_RESULTS */;
/*!40101 SET COLLATION_CONNECTION=@OLD_COLLATION_CONNECTION */;
